instructionName,instructionType,nOperands,operandsTypes
ds_add_f32,f32,2,f32;f32
ds_add_f64,f64,2,f64;f64
ds_add_rtn_f32,f32,3,f32;f32;f32
ds_add_rtn_f64,f64,3,f64;f64;f64
ds_add_rtn_u32,u32,3,u32;u32;u32
ds_add_rtn_u64,u64,3,u64;u64;u64
ds_add_u32,u32,2,u32;u32
ds_add_u64,u64,2,u64;u64
ds_and_b32,b32,2,b32;b32
ds_and_b64,b64,2,b64;b64
ds_and_rtn_b32,b32,3,b32;b32;b32
ds_and_rtn_b64,b64,3,b64;b64;b64
ds_append,b32,1,b32
ds_bpermute_b32,b32,3,b32;b32;b32
ds_cmpst_b32,b32,3,b32;b32;b32
ds_cmpst_b64,b64,3,b64;b64;b64
ds_cmpst_f32,f32,3,f32;f32;f32
ds_cmpst_f64,f64,3,f64;f64;f64
ds_cmpst_rtn_b32,b32,4,b32;b32;b32;b32
ds_cmpst_rtn_b64,b64,4,b64;b64;b64;b64
ds_cmpst_rtn_f32,f32,4,f32;f32;f32;f32
ds_cmpst_rtn_f64,f64,4,f64;f64;f64;f64
ds_condxchg32_rtn_b64,b64,3,b64;b64;b64
ds_consume,b32,1,b32
ds_dec_rtn_u32,u32,3,u32;u32;u32
ds_dec_rtn_u64,u64,3,u64;u64;u64
ds_dec_u32,u32,2,u32;u32
ds_dec_u64,u64,2,u64;u64
ds_gws_barrier,b32,1,b32
ds_gws_init,b32,1,b32
ds_gws_sema_br,b32,1,b32
ds_gws_sema_p,-,0,
ds_gws_sema_release_all,-,0,
ds_gws_sema_v,-,0,
ds_inc_rtn_u32,u32,3,u32;u32;u32
ds_inc_rtn_u64,u64,3,u64;u64;u64
ds_inc_u32,u32,2,u32;u32
ds_inc_u64,u64,2,u64;u64
ds_max_f32,f32,2,f32;f32
ds_max_f64,f64,2,f64;f64
ds_max_i32,i32,2,i32;i32
ds_max_i64,i64,2,i64;i64
ds_max_rtn_f32,f32,3,f32;f32;f32
ds_max_rtn_f64,f64,3,f64;f64;f64
ds_max_rtn_i32,i32,3,i32;i32;i32
ds_max_rtn_i64,i64,3,i64;i64;i64
ds_max_rtn_u32,u32,3,u32;u32;u32
ds_max_rtn_u64,u64,3,u64;u64;u64
ds_max_u32,u32,2,u32;u32
ds_max_u64,u64,2,u64;u64
ds_min_f32,f32,2,f32;f32
ds_min_f64,f64,2,f64;f64
ds_min_i32,i32,2,i32;i32
ds_min_i64,i64,2,i64;i64
ds_min_rtn_f32,f32,3,f32;f32;f32
ds_min_rtn_f64,f64,3,f64;f64;f64
ds_min_rtn_i32,i32,3,i32;i32;i32
ds_min_rtn_i64,i64,3,i64;i64;i64
ds_min_rtn_u32,u32,3,u32;u32;u32
ds_min_rtn_u64,u64,3,u64;u64;u64
ds_min_u32,u32,2,u32;u32
ds_min_u64,u64,2,u64;u64
ds_mskor_b32,b32,3,b32;b32;b32
ds_mskor_b64,b64,3,b64;b64;b64
ds_mskor_rtn_b32,b32,4,b32;b32;b32;b32
ds_mskor_rtn_b64,b64,4,b64;b64;b64;b64
ds_nop,-,0,
ds_or_b32,b32,2,b32;b32
ds_or_b64,b64,2,b64;b64
ds_or_rtn_b32,b32,3,b32;b32;b32
ds_or_rtn_b64,b64,3,b64;b64;b64
ds_permute_b32,b32,3,b32;b32;b32
ds_read2_b32,b32,2,b32x2;b32
ds_read2_b64,b64,2,b64x2;b64
ds_read2st64_b32,b32,2,b32x2;b32
ds_read2st64_b64,b64,2,b64x2;b64
ds_read_addtid_b32,b32,1,b32
ds_read_b128,b128,2,b128;b128
ds_read_b32,b32,2,b32;b32
ds_read_b64,b64,2,b64;b64
ds_read_b96,b32,2,b32;b32
ds_read_i16,i16,2,i16;i16
ds_read_i8,i8,2,i8;i8
ds_read_i8_d16,b32,2,b32;b32
ds_read_i8_d16_hi,b32,2,b32;b32
ds_read_u16,u16,2,u16;u16
ds_read_u16_d16,b32,2,b32;b32
ds_read_u16_d16_hi,b32,2,b32;b32
ds_read_u8,u8,2,u8;u8
ds_read_u8_d16,b32,2,b32;b32
ds_read_u8_d16_hi,b32,2,b32;b32
ds_rsub_rtn_u32,u32,3,u32;u32;u32
ds_rsub_rtn_u64,u64,3,u64;u64;u64
ds_rsub_u32,u32,2,u32;u32
ds_rsub_u64,u64,2,u64;u64
ds_sub_rtn_u32,u32,3,u32;u32;u32
ds_sub_rtn_u64,u64,3,u64;u64;u64
ds_sub_u32,u32,2,u32;u32
ds_sub_u64,u64,2,u64;u64
ds_swizzle_b32,b32,2,b32;b32
ds_wrap_rtn_b32,b32,4,b32;b32;b32;b32
ds_write2_b32,b32,3,b32;b32;b32
ds_write2_b64,b64,3,b64;b64;b64
ds_write2st64_b32,b32,3,b32;b32;b32
ds_write2st64_b64,b64,3,b64;b64;b64
ds_write_addtid_b32,b32,1,b32
ds_write_b128,b128,2,b128;b128
ds_write_b16,b16,2,b16;b16
ds_write_b16_d16_hi,b32,2,b32;b32
ds_write_b32,b32,2,b32;b32
ds_write_b64,b64,2,b64;b64
ds_write_b8,b8,2,b8;b8
ds_write_b8_d16_hi,b32,2,b32;b32
ds_write_b96,b32,2,b32;b32
ds_wrxchg2_rtn_b32,b32,4,b32x2;b32;b32;b32
ds_wrxchg2_rtn_b64,b64,4,b64x2;b64;b64;b64
ds_wrxchg2st64_rtn_b32,b32,4,b32x2;b32;b32;b32
ds_wrxchg2st64_rtn_b64,b64,4,b64x2;b64;b64;b64
ds_wrxchg_rtn_b32,b32,3,b32;b32;b32
ds_wrxchg_rtn_b64,b64,3,b64;b64;b64
ds_xor_b32,b32,2,b32;b32
ds_xor_b64,b64,2,b64;b64
ds_xor_rtn_b32,b32,3,b32;b32;b32
ds_xor_rtn_b64,b64,3,b64;b64;b64
flat_atomic_add,b32,3,b32;b32;b32
flat_atomic_add_f64,f64,3,f64;f64;f64
flat_atomic_add_x2,b64,3,b64;b64;b64
flat_atomic_and,b32,3,b32;b32;b32
flat_atomic_and_x2,b64,3,b64;b64;b64
flat_atomic_cmpswap,b32,3,b32;b32;b32x2
flat_atomic_cmpswap_x2,b64,3,b64;b64;b64x2
flat_atomic_dec,b32,3,u32;b32;u32
flat_atomic_dec_x2,b64,3,u64;b64;u64
flat_atomic_inc,b32,3,u32;b32;u32
flat_atomic_inc_x2,b64,3,u64;b64;u64
flat_atomic_max_f64,f64,3,f64;f64;f64
flat_atomic_min_f64,f64,3,f64;f64;f64
flat_atomic_or,b32,3,b32;b32;b32
flat_atomic_or_x2,b64,3,b64;b64;b64
flat_atomic_smax,b32,3,i32;b32;i32
flat_atomic_smax_x2,b64,3,i64;b64;i64
flat_atomic_smin,b32,3,i32;b32;i32
flat_atomic_smin_x2,b64,3,i64;b64;i64
flat_atomic_sub,b32,3,b32;b32;b32
flat_atomic_sub_x2,b64,3,b64;b64;b64
flat_atomic_swap,b32,3,b32;b32;b32
flat_atomic_swap_x2,b64,3,b64;b64;b64
flat_atomic_umax,b32,3,u32;b32;u32
flat_atomic_umax_x2,b64,3,u64;b64;u64
flat_atomic_umin,b32,3,u32;b32;u32
flat_atomic_umin_x2,b64,3,u64;b64;u64
flat_atomic_xor,b32,3,b32;b32;b32
flat_atomic_xor_x2,b64,3,b64;b64;b64
flat_load_dword,b32,2,b32;b32
flat_load_dwordx2,b64,2,b64;b64
flat_load_dwordx3,b96,2,b96;b96
flat_load_dwordx4,b128,2,b128;b128
flat_load_sbyte,b32,2,b32;b32
flat_load_sbyte_d16,b32,2,b32;b32
flat_load_sbyte_d16_hi,b32,2,b32;b32
flat_load_short_d16,b32,2,b32;b32
flat_load_short_d16_hi,b32,2,b32;b32
flat_load_sshort,b32,2,b32;b32
flat_load_ubyte,b32,2,b32;b32
flat_load_ubyte_d16,b32,2,b32;b32
flat_load_ubyte_d16_hi,b32,2,b32;b32
flat_load_ushort,b32,2,b32;b32
flat_store_byte,b32,2,b32;b32
flat_store_byte_d16_hi,b32,2,b32;b32
flat_store_dword,b32,2,b32;b32
flat_store_dwordx2,b64,2,b64;b64
flat_store_dwordx3,b96,2,b96;b96
flat_store_dwordx4,b128,2,b128;b128
flat_store_short,b32,2,b32;b32
flat_store_short_d16_hi,b32,2,b32;b32
global_atomic_add,b32,4,b32;b32;b32;b32
global_atomic_add_f32,f32,4,f32;f32;f32;f32
global_atomic_add_f64,f64,4,f64;f64;f64;f64
global_atomic_add_x2,b64,4,b64;b64;b64;b64
global_atomic_and,b32,4,b32;b32;b32;b32
global_atomic_and_x2,b64,4,b64;b64;b64;b64
global_atomic_cmpswap,b32,4,b32;b32;b32x2;b32
global_atomic_cmpswap_x2,b64,4,b64;b64;b64x2;b64
global_atomic_dec,b32,4,u32;b32;u32;b32
global_atomic_dec_x2,b64,4,u64;b64;u64;b64
global_atomic_inc,b32,4,u32;b32;u32;b32
global_atomic_inc_x2,b64,4,u64;b64;u64;b64
global_atomic_max_f64,f64,4,f64;f64;f64;f64
global_atomic_min_f64,f64,4,f64;f64;f64;f64
global_atomic_or,b32,4,b32;b32;b32;b32
global_atomic_or_x2,b64,4,b64;b64;b64;b64
global_atomic_pk_add_f16,f16,4,f16;f16;f16;f16
global_atomic_smax,b32,4,i32;b32;i32;b32
global_atomic_smax_x2,b64,4,i64;b64;i64;b64
global_atomic_smin,b32,4,i32;b32;i32;b32
global_atomic_smin_x2,b64,4,i64;b64;i64;b64
global_atomic_sub,b32,4,b32;b32;b32;b32
global_atomic_sub_x2,b64,4,b64;b64;b64;b64
global_atomic_swap,b32,4,b32;b32;b32;b32
global_atomic_swap_x2,b64,4,b64;b64;b64;b64
global_atomic_umax,b32,4,u32;b32;u32;b32
global_atomic_umax_x2,b64,4,u64;b64;u64;b64
global_atomic_umin,b32,4,u32;b32;u32;b32
global_atomic_umin_x2,b64,4,u64;b64;u64;b64
global_atomic_xor,b32,4,b32;b32;b32;b32
global_atomic_xor_x2,b64,4,b64;b64;b64;b64
global_load_dword,b32,3,b32;b32;b32
global_load_dwordx2,b64,3,b64;b64;b64
global_load_dwordx3,b96,3,b96;b96;b96
global_load_dwordx4,b128,3,b128;b128;b128
global_load_sbyte,b32,3,b32;b32;b32
global_load_sbyte_d16,b32,3,b32;b32;b32
global_load_sbyte_d16_hi,b32,3,b32;b32;b32
global_load_short_d16,b32,3,b32;b32;b32
global_load_short_d16_hi,b32,3,b32;b32;b32
global_load_sshort,b32,3,b32;b32;b32
global_load_ubyte,b32,3,b32;b32;b32
global_load_ubyte_d16,b32,3,b32;b32;b32
global_load_ubyte_d16_hi,b32,3,b32;b32;b32
global_load_ushort,b32,3,b32;b32;b32
global_store_byte,b32,3,b32;b32;b32
global_store_byte_d16_hi,b32,3,b32;b32;b32
global_store_dword,b32,3,b32;b32;b32
global_store_dwordx2,b64,3,b64;b64;b64
global_store_dwordx3,b96,3,b96;b96;b96
global_store_dwordx4,b128,3,b128;b128;b128
global_store_short,b32,3,b32;b32;b32
global_store_short_d16_hi,b32,3,b32;b32;b32
scratch_load_dword,b32,3,b32;b32;b32
scratch_load_dwordx2,b64,3,b64;b64;b64
scratch_load_dwordx3,b96,3,b96;b96;b96
scratch_load_dwordx4,b128,3,b128;b128;b128
scratch_load_sbyte,b32,3,b32;b32;b32
scratch_load_sbyte_d16,b32,3,b32;b32;b32
scratch_load_sbyte_d16_hi,b32,3,b32;b32;b32
scratch_load_short_d16,b32,3,b32;b32;b32
scratch_load_short_d16_hi,b32,3,b32;b32;b32
scratch_load_sshort,b32,3,b32;b32;b32
scratch_load_ubyte,b32,3,b32;b32;b32
scratch_load_ubyte_d16,b32,3,b32;b32;b32
scratch_load_ubyte_d16_hi,b32,3,b32;b32;b32
scratch_load_ushort,b32,3,b32;b32;b32
scratch_store_byte,b32,3,b32;b32;b32
scratch_store_byte_d16_hi,b32,3,b32;b32;b32
scratch_store_dword,b32,3,b32;b32;b32
scratch_store_dwordx2,b64,3,b64;b64;b64
scratch_store_dwordx3,b96,3,b96;b96;b96
scratch_store_dwordx4,b128,3,b128;b128;b128
scratch_store_short,b32,3,b32;b32;b32
scratch_store_short_d16_hi,b32,3,b32;b32;b32
image_atomic_add,b32,3,b32;b32;b32
image_atomic_and,b32,3,b32;b32;b32
image_atomic_cmpswap,b32,3,b32;b32;b32
image_atomic_dec,b32,3,b32;b32;b32
image_atomic_inc,b32,3,b32;b32;b32
image_atomic_or,b32,3,b32;b32;b32
image_atomic_smax,b32,3,b32;b32;b32
image_atomic_smin,b32,3,b32;b32;b32
image_atomic_sub,b32,3,b32;b32;b32
image_atomic_swap,b32,3,b32;b32;b32
image_atomic_umax,b32,3,b32;b32;b32
image_atomic_umin,b32,3,b32;b32;b32
image_atomic_xor,b32,3,b32;b32;b32
image_get_resinfo,b32,3,b32;b32;b32
image_load,b32,3,b32;b32;b32
image_load_mip,b32,3,b32;b32;b32
image_load_mip_pck,b32,3,b32;b32;b32
image_load_mip_pck_sgn,b32,3,b32;b32;b32
image_load_pck,b32,3,b32;b32;b32
image_load_pck_sgn,b32,3,b32;b32;b32
image_sample,b32,4,b32;b32;b32;b32
image_store,b32,3,b32;b32;b32
image_store_mip,b32,3,b32;b32;b32
image_store_mip_pck,b32,3,b32;b32;b32
image_store_pck,b32,3,b32;b32;b32
tbuffer_load_format_d16_x,b32,4,b32;b32;b32;b32
tbuffer_load_format_d16_xy,b64,4,b64;b64;b64;b64
tbuffer_load_format_d16_xyz,b96,4,b96;b96;b96;b96
tbuffer_load_format_d16_xyzw,b128,4,b128;b128;b128;b128
tbuffer_load_format_x,b32,4,b32;b32;b32;b32
tbuffer_load_format_xy,b64,4,b64;b64;b64;b64
tbuffer_load_format_xyz,b96,4,b96;b96;b96;b96
tbuffer_load_format_xyzw,b128,4,b128;b128;b128;b128
tbuffer_store_format_d16_x,b32,4,b32;b32;b32;b32
tbuffer_store_format_d16_xy,b64,4,b64;b64;b64;b64
tbuffer_store_format_d16_xyz,b96,4,b96;b96;b96;b96
tbuffer_store_format_d16_xyzw,b128,4,b128;b128;b128;b128
tbuffer_store_format_x,b32,4,b32;b32;b32;b32
tbuffer_store_format_xy,b64,4,b64;b64;b64;b64
tbuffer_store_format_xyz,b96,4,b96;b96;b96;b96
tbuffer_store_format_xyzw,b128,4,b128;b128;b128;b128
buffer_atomic_add,b32,4,b32;b32;b32;b32
buffer_atomic_add_f32,f32,4,f32;f32;f32;f32
buffer_atomic_add_f64,f64,4,f64;f64;f64;f64
buffer_atomic_add_x2,b64,4,b64;b64;b64;b64
buffer_atomic_and,b32,4,b32;b32;b32;b32
buffer_atomic_and_x2,b64,4,b64;b64;b64;b64
buffer_atomic_cmpswap,b32,4,b32x2;b32;b32;b32
buffer_atomic_cmpswap_x2,b64,4,b64x2;b64;b64;b64
buffer_atomic_dec,b32,4,u32;b32;b32;b32
buffer_atomic_dec_x2,b64,4,u64;b64;b64;b64
buffer_atomic_inc,b32,4,u32;b32;b32;b32
buffer_atomic_inc_x2,b64,4,u64;b64;b64;b64
buffer_atomic_max_f64,f64,4,f64;f64;f64;f64
buffer_atomic_min_f64,f64,4,f64;f64;f64;f64
buffer_atomic_or,b32,4,b32;b32;b32;b32
buffer_atomic_or_x2,b64,4,b64;b64;b64;b64
buffer_atomic_pk_add_f16,f16,4,f16;f16;f16;f16
buffer_atomic_smax,b32,4,i32;b32;b32;b32
buffer_atomic_smax_x2,b64,4,i64;b64;b64;b64
buffer_atomic_smin,b32,4,i32;b32;b32;b32
buffer_atomic_smin_x2,b64,4,i64;b64;b64;b64
buffer_atomic_sub,b32,4,b32;b32;b32;b32
buffer_atomic_sub_x2,b64,4,b64;b64;b64;b64
buffer_atomic_swap,b32,4,b32;b32;b32;b32
buffer_atomic_swap_x2,b64,4,b64;b64;b64;b64
buffer_atomic_umax,b32,4,u32;b32;b32;b32
buffer_atomic_umax_x2,b64,4,u64;b64;b64;b64
buffer_atomic_umin,b32,4,u32;b32;b32;b32
buffer_atomic_umin_x2,b64,4,u64;b64;b64;b64
buffer_atomic_xor,b32,4,b32;b32;b32;b32
buffer_atomic_xor_x2,b64,4,b64;b64;b64;b64
buffer_invl2,-,0,
buffer_load_dword,b32,4,b32;b32;b32;b32
buffer_load_dwordx2,b64,4,b64;b64;b64;b64
buffer_load_dwordx3,b96,4,b96;b96;b96;b96
buffer_load_dwordx4,b128,4,b128;b128;b128;b128
buffer_load_format_d16_hi_x,b32,4,b32;b32;b32;b32
buffer_load_format_d16_x,b32,4,b32;b32;b32;b32
buffer_load_format_d16_xy,b64,4,b64;b64;b64;b64
buffer_load_format_d16_xyz,b96,4,b96;b96;b96;b96
buffer_load_format_d16_xyzw,b128,4,b128;b128;b128;b128
buffer_load_format_x,b32,4,b32;b32;b32;b32
buffer_load_format_xy,b64,4,b64;b64;b64;b64
buffer_load_format_xyz,b96,4,b96;b96;b96;b96
buffer_load_format_xyzw,b128,4,b128;b128;b128;b128
buffer_load_sbyte,b32,4,b32;b32;b32;b32
buffer_load_sbyte_d16,b32,4,b32;b32;b32;b32
buffer_load_sbyte_d16_hi,b32,4,b32;b32;b32;b32
buffer_load_short_d16,b32,4,b32;b32;b32;b32
buffer_load_short_d16_hi,b32,4,b32;b32;b32;b32
buffer_load_sshort,b32,4,b32;b32;b32;b32
buffer_load_ubyte,b32,4,b32;b32;b32;b32
buffer_load_ubyte_d16,b32,4,b32;b32;b32;b32
buffer_load_ubyte_d16_hi,b32,4,b32;b32;b32;b32
buffer_load_ushort,b32,4,b32;b32;b32;b32
buffer_store_byte,b32,4,b32;b32;b32;b32
buffer_store_byte_d16_hi,b32,4,b32;b32;b32;b32
buffer_store_dword,b32,4,b32;b32;b32;b32
buffer_store_dwordx2,b64,4,b64;b64;b64;b64
buffer_store_dwordx3,b96,4,b96;b96;b96;b96
buffer_store_dwordx4,b128,4,b128;b128;b128;b128
buffer_store_format_d16_hi_x,b32,4,b32;b32;b32;b32
buffer_store_format_d16_x,b32,4,b32;b32;b32;b32
buffer_store_format_d16_xy,b64,4,b64;b64;b64;b64
buffer_store_format_d16_xyz,b96,4,b96;b96;b96;b96
buffer_store_format_d16_xyzw,b128,4,b128;b128;b128;b128
buffer_store_format_x,b32,4,b32;b32;b32;b32
buffer_store_format_xy,b64,4,b64;b64;b64;b64
buffer_store_format_xyz,b96,4,b96;b96;b96;b96
buffer_store_format_xyzw,b128,4,b128;b128;b128;b128
buffer_store_lds_dword,b32,2,b32;b32
buffer_store_short,b32,4,b32;b32;b32;b32
buffer_store_short_d16_hi,b32,4,b32;b32;b32;b32
buffer_wbinvl1,-,0,
buffer_wbinvl1_vol,-,0,
buffer_wbl2,-,0,
s_atc_probe,b32,3,b32;b32;b32
s_atc_probe_buffer,b32,3,b32;b32;b32
s_atomic_add,b32,3,b32;b32;b32
s_atomic_add_x2,b64,3,b64;b64;b64
s_atomic_and,b32,3,b32;b32;b32
s_atomic_and_x2,b64,3,b64;b64;b64
s_atomic_cmpswap,b32,3,b32x2;b32;b32
s_atomic_cmpswap_x2,b64,3,b64x2;b64;b64
s_atomic_dec,b32,3,u32;b32;b32
s_atomic_dec_x2,b64,3,u64;b64;b64
s_atomic_inc,b32,3,u32;b32;b32
s_atomic_inc_x2,b64,3,u64;b64;b64
s_atomic_or,b32,3,b32;b32;b32
s_atomic_or_x2,b64,3,b64;b64;b64
s_atomic_smax,b32,3,i32;b32;b32
s_atomic_smax_x2,b64,3,i64;b64;b64
s_atomic_smin,b32,3,i32;b32;b32
s_atomic_smin_x2,b64,3,i64;b64;b64
s_atomic_sub,b32,3,b32;b32;b32
s_atomic_sub_x2,b64,3,b64;b64;b64
s_atomic_swap,b32,3,b32;b32;b32
s_atomic_swap_x2,b64,3,b64;b64;b64
s_atomic_umax,b32,3,u32;b32;b32
s_atomic_umax_x2,b64,3,u64;b64;b64
s_atomic_umin,b32,3,u32;b32;b32
s_atomic_umin_x2,b64,3,u64;b64;b64
s_atomic_xor,b32,3,b32;b32;b32
s_atomic_xor_x2,b64,3,b64;b64;b64
s_buffer_atomic_add,b32,3,b32;b32;b32
s_buffer_atomic_add_x2,b64,3,b64;b64;b64
s_buffer_atomic_and,b32,3,b32;b32;b32
s_buffer_atomic_and_x2,b64,3,b64;b64;b64
s_buffer_atomic_cmpswap,b32,3,b32x2;b32;b32
s_buffer_atomic_cmpswap_x2,b64,3,b64x2;b64;b64
s_buffer_atomic_dec,b32,3,u32;b32;b32
s_buffer_atomic_dec_x2,b64,3,u64;b64;b64
s_buffer_atomic_inc,b32,3,u32;b32;b32
s_buffer_atomic_inc_x2,b64,3,u64;b64;b64
s_buffer_atomic_or,b32,3,b32;b32;b32
s_buffer_atomic_or_x2,b64,3,b64;b64;b64
s_buffer_atomic_smax,b32,3,i32;b32;b32
s_buffer_atomic_smax_x2,b64,3,i64;b64;b64
s_buffer_atomic_smin,b32,3,i32;b32;b32
s_buffer_atomic_smin_x2,b64,3,i64;b64;b64
s_buffer_atomic_sub,b32,3,b32;b32;b32
s_buffer_atomic_sub_x2,b64,3,b64;b64;b64
s_buffer_atomic_swap,b32,3,b32;b32;b32
s_buffer_atomic_swap_x2,b64,3,b64;b64;b64
s_buffer_atomic_umax,b32,3,u32;b32;b32
s_buffer_atomic_umax_x2,b64,3,u64;b64;b64
s_buffer_atomic_umin,b32,3,u32;b32;b32
s_buffer_atomic_umin_x2,b64,3,u64;b64;b64
s_buffer_atomic_xor,b32,3,b32;b32;b32
s_buffer_atomic_xor_x2,b64,3,b64;b64;b64
s_buffer_load_dword,b32,3,b32;b32;b32
s_buffer_load_dwordx16,b512,3,b512;b512;b512
s_buffer_load_dwordx2,b64,3,b64;b64;b64
s_buffer_load_dwordx4,b128,3,b128;b128;b128
s_buffer_load_dwordx8,b256,3,b256;b256;b256
s_buffer_store_dword,b32,3,b32;b32;b32
s_buffer_store_dwordx2,b64,3,b64;b64;b64
s_buffer_store_dwordx4,b128,3,b128;b128;b128
s_dcache_discard,b32,2,b32;b32
s_dcache_discard_x2,b64,2,b64;b64
s_dcache_inv,-,0,
s_dcache_inv_vol,-,0,
s_dcache_wb,-,0,
s_dcache_wb_vol,-,0,
s_load_dword,b32,3,b32;b32;b32
s_load_dwordx16,b512,3,b512;b512;b512
s_load_dwordx2,b64,3,b64;b64;b64
s_load_dwordx4,b128,3,b128;b128;b128
s_load_dwordx8,b256,3,b256;b256;b256
s_memrealtime,b32,1,b64
s_memtime,b32,1,b64
s_scratch_load_dword,b32,3,b32;b32;b32
s_scratch_load_dwordx2,b64,3,b64;b64;b64
s_scratch_load_dwordx4,b128,3,b128;b128;b128
s_scratch_store_dword,b32,3,b32;b32;b32
s_scratch_store_dwordx2,b64,3,b64;b64;b64
s_scratch_store_dwordx4,b128,3,b128;b128;b128
s_store_dword,b32,3,b32;b32;b32
s_store_dwordx2,b64,3,b64;b64;b64
s_store_dwordx4,b128,3,b128;b128;b128
s_abs_i32,i32,1,i32
s_and_saveexec_b64,b64,1,b64
s_andn1_saveexec_b64,b64,1,b64
s_andn1_wrexec_b64,b64,1,b64
s_andn2_saveexec_b64,b64,1,b64
s_andn2_wrexec_b64,b64,1,b64
s_bcnt0_i32_b32,b32,1,i32
s_bcnt0_i32_b64,b64,1,i32
s_bcnt1_i32_b32,b32,1,i32
s_bcnt1_i32_b64,b64,1,i32
s_bitreplicate_b64_b32,b32,1,b64
s_bitset0_b32,b32,1,b32
s_bitset0_b64,b64,1,b64
s_bitset1_b32,b32,1,b32
s_bitset1_b64,b64,1,b64
s_brev_b32,b32,1,b32
s_brev_b64,b64,1,b64
s_cbranch_join,-,0,
s_cmov_b32,b32,1,b32
s_cmov_b64,b64,1,b64
s_ff0_i32_b32,b32,1,i32
s_ff0_i32_b64,b64,1,i32
s_ff1_i32_b32,b32,1,i32
s_ff1_i32_b64,b64,1,i32
s_flbit_i32,i32,1,i32
s_flbit_i32_b32,b32,1,i32
s_flbit_i32_b64,b64,1,i32
s_flbit_i32_i64,i64,1,i32
s_getpc_b64,b64,1,b64
s_mov_b32,b32,1,b32
s_mov_b64,b64,1,b64
s_movreld_b32,b32,1,b32
s_movreld_b64,b64,1,b64
s_movrels_b32,b32,1,b32
s_movrels_b64,b64,1,b64
s_nand_saveexec_b64,b64,1,b64
s_nor_saveexec_b64,b64,1,b64
s_not_b32,b32,1,b32
s_not_b64,b64,1,b64
s_or_saveexec_b64,b64,1,b64
s_orn1_saveexec_b64,b64,1,b64
s_orn2_saveexec_b64,b64,1,b64
s_quadmask_b32,b32,1,b32
s_quadmask_b64,b64,1,b64
s_rfe_b64,-,0,
s_set_gpr_idx_idx,-,0,
s_setpc_b64,-,0,
s_sext_i32_i16,i16,1,i32
s_sext_i32_i8,i8,1,i32
s_swappc_b64,b64,1,b64
s_wqm_b32,b32,1,b32
s_wqm_b64,b64,1,b64
s_xnor_saveexec_b64,b64,1,b64
s_xor_saveexec_b64,b64,1,b64
s_absdiff_i32,i32,2,i32;i32
s_add_i32,i32,2,i32;i32
s_add_u32,u32,2,u32;u32
s_addc_u32,u32,2,u32;u32
s_and_b32,b32,2,b32;b32
s_and_b64,b64,2,b64;b64
s_andn2_b32,b32,2,b32;b32
s_andn2_b64,b64,2,b64;b64
s_ashr_i32,i32,2,i32;i32
s_ashr_i64,i64,2,i64;i64
s_bfe_i32,i32,2,i32;i32
s_bfe_i64,i64,2,i64;i64
s_bfe_u32,u32,2,u32;u32
s_bfe_u64,u64,2,u64;u64
s_bfm_b32,b32,2,b32;b32
s_bfm_b64,b64,2,b64;b32
s_cbranch_g_fork,b32,1,b32
s_cselect_b32,b32,2,b32;b32
s_cselect_b64,b64,2,b64;b64
s_lshl1_add_u32,u32,2,u32;u32
s_lshl2_add_u32,u32,2,u32;u32
s_lshl3_add_u32,u32,2,u32;u32
s_lshl4_add_u32,u32,2,u32;u32
s_lshl_b32,b32,2,b32;b32
s_lshl_b64,b64,2,b64;b64
s_lshr_b32,b32,2,b32;b32
s_lshr_b64,b64,2,b64;b64
s_max_i32,i32,2,i32;i32
s_max_u32,u32,2,u32;u32
s_min_i32,i32,2,i32;i32
s_min_u32,u32,2,u32;u32
s_mul_hi_i32,i32,2,i32;i32
s_mul_hi_u32,u32,2,u32;u32
s_mul_i32,i32,2,i32;i32
s_nand_b32,b32,2,b32;b32
s_nand_b64,b64,2,b64;b64
s_nor_b32,b32,2,b32;b32
s_nor_b64,b64,2,b64;b64
s_or_b32,b32,2,b32;b32
s_or_b64,b64,2,b64;b64
s_orn2_b32,b32,2,b32;b32
s_orn2_b64,b64,2,b64;b64
s_pack_hh_b32_b16,b16,2,b32;b32
s_pack_lh_b32_b16,b16,2,b32;b16
s_pack_ll_b32_b16,b16,2,b32;b16
s_rfe_restore_b64,b64,1,b64
s_sub_i32,i32,2,i32;i32
s_sub_u32,u32,2,u32;u32
s_subb_u32,u32,2,u32;u32
s_xnor_b32,b32,2,b32;b32
s_xnor_b64,b64,2,b64;b64
s_xor_b32,b32,2,b32;b32
s_xor_b64,b64,2,b64;b64
s_bitcmp0_b32,b32,1,b32
s_bitcmp0_b64,b64,1,b64
s_bitcmp1_b32,b32,1,b32
s_bitcmp1_b64,b64,1,b64
s_cmp_eq_i32,i32,1,i32
s_cmp_eq_u32,u32,1,u32
s_cmp_eq_u64,u64,1,u64
s_cmp_ge_i32,i32,1,i32
s_cmp_ge_u32,u32,1,u32
s_cmp_gt_i32,i32,1,i32
s_cmp_gt_u32,u32,1,u32
s_cmp_le_i32,i32,1,i32
s_cmp_le_u32,u32,1,u32
s_cmp_lg_i32,i32,1,i32
s_cmp_lg_u32,u32,1,u32
s_cmp_lg_u64,u64,1,u64
s_cmp_lt_i32,i32,1,i32
s_cmp_lt_u32,u32,1,u32
s_set_gpr_idx_on,b32,1,b32
s_setvskip,b32,1,b32
s_addk_i32,i32,2,i32;i32
s_call_b64,b64,2,b64;b64
s_cbranch_i_fork,b32,1,b32
s_cmovk_i32,i32,2,i32;i32
s_cmpk_eq_i32,i32,1,i32
s_cmpk_eq_u32,u32,1,u32
s_cmpk_ge_i32,i32,1,i32
s_cmpk_ge_u32,u32,1,u32
s_cmpk_gt_i32,i32,1,i32
s_cmpk_gt_u32,u32,1,u32
s_cmpk_le_i32,i32,1,i32
s_cmpk_le_u32,u32,1,u32
s_cmpk_lg_i32,i32,1,i32
s_cmpk_lg_u32,u32,1,u32
s_cmpk_lt_i32,i32,1,i32
s_cmpk_lt_u32,u32,1,u32
s_getreg_b32,b32,2,b32;b32
s_movk_i32,i32,2,i32;i32
s_mulk_i32,i32,2,i32;i32
s_setreg_b32,b32,2,b32;b32
s_setreg_imm32_b32,b32,2,b32;b32
s_barrier,-,0,
s_branch,-,0,
s_cbranch_cdbgsys,-,0,
s_cbranch_cdbgsys_and_user,-,0,
s_cbranch_cdbgsys_or_user,-,0,
s_cbranch_cdbguser,-,0,
s_cbranch_execnz,-,0,
s_cbranch_execz,-,0,
s_cbranch_scc0,-,0,
s_cbranch_scc1,-,0,
s_cbranch_vccnz,-,0,
s_cbranch_vccz,-,0,
s_decperflevel,-,0,
s_endpgm,-,0,
s_endpgm_ordered_ps_done,-,0,
s_endpgm_saved,-,0,
s_icache_inv,-,0,
s_incperflevel,-,0,
s_nop,-,0,
s_sendmsg,-,0,
s_sendmsghalt,-,0,
s_set_gpr_idx_mode,-,0,
s_set_gpr_idx_off,-,0,
s_sethalt,-,0,
s_setkill,-,0,
s_setprio,-,0,
s_sleep,-,0,
s_trap,-,0,
s_ttracedata,-,0,
s_waitcnt,-,0,
s_wakeup,-,0,
v_accvgpr_mov_b32,b32,2,b32;b32
v_bfrev_b32,b32,2,b32;b32
v_ceil_f16,f16,2,f16;f16
v_ceil_f32,f32,2,f32;f32
v_ceil_f64,f64,2,f64;f64
v_clrexcp,-,0,
v_cos_f16,f16,2,f16;f16
v_cos_f32,f32,2,f32;f32
v_cvt_f16_f32,f32,2,f16;f32
v_cvt_f16_i16,i16,2,f16;i16
v_cvt_f16_u16,u16,2,f16;u16
v_cvt_f32_f16,f16,2,f32;f16
v_cvt_f32_f64,f64,2,f32;f64
v_cvt_f32_i32,i32,2,f32;i32
v_cvt_f32_u32,u32,2,f32;u32
v_cvt_f32_ubyte0,b32,2,b32;b32
v_cvt_f32_ubyte1,b32,2,b32;b32
v_cvt_f32_ubyte2,b32,2,b32;b32
v_cvt_f32_ubyte3,b32,2,b32;b32
v_cvt_f64_f32,f32,2,f64;f32
v_cvt_f64_i32,i32,2,f64;i32
v_cvt_f64_u32,u32,2,f64;u32
v_cvt_flr_i32_f32,f32,2,i32;f32
v_cvt_i16_f16,f16,2,i16;f16
v_cvt_i32_f32,f32,2,i32;f32
v_cvt_i32_f64,f64,2,i32;f64
v_cvt_norm_i16_f16,f16,2,i16;f16
v_cvt_norm_u16_f16,f16,2,u16;f16
v_cvt_off_f32_i4,i4,2,f32;i4
v_cvt_rpi_i32_f32,f32,2,i32;f32
v_cvt_u16_f16,f16,2,u16;f16
v_cvt_u32_f32,f32,2,u32;f32
v_cvt_u32_f64,f64,2,u32;f64
v_exp_f16,f16,2,f16;f16
v_exp_f32,f32,2,f32;f32
v_exp_legacy_f32,f32,2,f32;f32
v_ffbh_i32,i32,2,i32;i32
v_ffbh_u32,u32,2,u32;u32
v_ffbl_b32,b32,2,b32;b32
v_floor_f16,f16,2,f16;f16
v_floor_f32,f32,2,f32;f32
v_floor_f64,f64,2,f64;f64
v_fract_f16,f16,2,f16;f16
v_fract_f32,f32,2,f32;f32
v_fract_f64,f64,2,f64;f64
v_frexp_exp_i16_f16,f16,2,i16;f16
v_frexp_exp_i32_f32,f32,2,i32;f32
v_frexp_exp_i32_f64,f64,2,i32;f64
v_frexp_mant_f16,f16,2,f16;f16
v_frexp_mant_f32,f32,2,f32;f32
v_frexp_mant_f64,f64,2,f64;f64
v_log_f16,f16,2,f16;f16
v_log_f32,f32,2,f32;f32
v_log_legacy_f32,f32,2,f32;f32
v_mov_b32,b32,2,b32;b32
v_nop,-,0,
v_not_b32,b32,2,b32;b32
v_rcp_f16,f16,2,f16;f16
v_rcp_f32,f32,2,f32;f32
v_rcp_f64,f64,2,f64;f64
v_rcp_iflag_f32,f32,2,f32;f32
v_readfirstlane_b32,b32,2,b32;b32
v_rndne_f16,f16,2,f16;f16
v_rndne_f32,f32,2,f32;f32
v_rndne_f64,f64,2,f64;f64
v_rsq_f16,f16,2,f16;f16
v_rsq_f32,f32,2,f32;f32
v_rsq_f64,f64,2,f64;f64
v_sat_pk_u8_i16,i16,2,u8x4;i16
v_screen_partition_4se_b32,b32,2,b32;b32
v_sin_f16,f16,2,f16;f16
v_sin_f32,f32,2,f32;f32
v_sqrt_f16,f16,2,f16;f16
v_sqrt_f32,f32,2,f32;f32
v_sqrt_f64,f64,2,f64;f64
v_swap_b32,b32,2,b32;b32
v_trunc_f16,f16,2,f16;f16
v_trunc_f32,f32,2,f32;f32
v_trunc_f64,f64,2,f64;f64
v_bfrev_b32_dpp,b32,2,b32;b32
v_ceil_f16_dpp,f16,2,f16;f16
v_ceil_f32_dpp,f32,2,f32;f32
v_ceil_f64_dpp,f64,2,f64;f64
v_cos_f16_dpp,f16,2,f16;f16
v_cos_f32_dpp,f32,2,f32;f32
v_cvt_f16_f32_dpp,f32,2,f16;f32
v_cvt_f16_i16_dpp,i16,2,f16;i16
v_cvt_f16_u16_dpp,u16,2,f16;u16
v_cvt_f32_f16_dpp,f16,2,f32;f16
v_cvt_f32_f64_dpp,f64,2,f32;f64
v_cvt_f32_i32_dpp,i32,2,f32;i32
v_cvt_f32_u32_dpp,u32,2,f32;u32
v_cvt_f32_ubyte0_dpp,b32,2,b32;b32
v_cvt_f32_ubyte1_dpp,b32,2,b32;b32
v_cvt_f32_ubyte2_dpp,b32,2,b32;b32
v_cvt_f32_ubyte3_dpp,b32,2,b32;b32
v_cvt_flr_i32_f32_dpp,f32,2,i32;f32
v_cvt_i16_f16_dpp,f16,2,i16;f16
v_cvt_i32_f32_dpp,f32,2,i32;f32
v_cvt_i32_f64_dpp,f64,2,i32;f64
v_cvt_norm_i16_f16_dpp,f16,2,i16;f16
v_cvt_norm_u16_f16_dpp,f16,2,u16;f16
v_cvt_off_f32_i4_dpp,i4,2,f32;i4
v_cvt_rpi_i32_f32_dpp,f32,2,i32;f32
v_cvt_u16_f16_dpp,f16,2,u16;f16
v_cvt_u32_f32_dpp,f32,2,u32;f32
v_cvt_u32_f64_dpp,f64,2,u32;f64
v_exp_f16_dpp,f16,2,f16;f16
v_exp_f32_dpp,f32,2,f32;f32
v_exp_legacy_f32_dpp,f32,2,f32;f32
v_ffbh_i32_dpp,i32,2,i32;i32
v_ffbh_u32_dpp,u32,2,u32;u32
v_ffbl_b32_dpp,b32,2,b32;b32
v_floor_f16_dpp,f16,2,f16;f16
v_floor_f32_dpp,f32,2,f32;f32
v_floor_f64_dpp,f64,2,f64;f64
v_fract_f16_dpp,f16,2,f16;f16
v_fract_f32_dpp,f32,2,f32;f32
v_fract_f64_dpp,f64,2,f64;f64
v_frexp_exp_i16_f16_dpp,f16,2,i16;f16
v_frexp_exp_i32_f32_dpp,f32,2,i32;f32
v_frexp_exp_i32_f64_dpp,f64,2,i32;f64
v_frexp_mant_f16_dpp,f16,2,f16;f16
v_frexp_mant_f32_dpp,f32,2,f32;f32
v_frexp_mant_f64_dpp,f64,2,f64;f64
v_log_f16_dpp,f16,2,f16;f16
v_log_f32_dpp,f32,2,f32;f32
v_log_legacy_f32_dpp,f32,2,f32;f32
v_mov_b32_dpp,b32,2,b32;b32
v_not_b32_dpp,b32,2,b32;b32
v_rcp_f16_dpp,f16,2,f16;f16
v_rcp_f32_dpp,f32,2,f32;f32
v_rcp_iflag_f32_dpp,f32,2,f32;f32
v_rndne_f16_dpp,f16,2,f16;f16
v_rndne_f32_dpp,f32,2,f32;f32
v_rsq_f16_dpp,f16,2,f16;f16
v_rsq_f32_dpp,f32,2,f32;f32
v_sat_pk_u8_i16_dpp,i16,2,u8x4;i16
v_screen_partition_4se_b32_dpp,b32,2,b32;b32
v_sin_f16_dpp,f16,2,f16;f16
v_sin_f32_dpp,f32,2,f32;f32
v_sqrt_f16_dpp,f16,2,f16;f16
v_sqrt_f32_dpp,f32,2,f32;f32
v_trunc_f16_dpp,f16,2,f16;f16
v_trunc_f32_dpp,f32,2,f32;f32
v_trunc_f64_dpp,f64,2,f64;f64
v_bfrev_b32_sdwa,b32,2,b32;b32
v_ceil_f16_sdwa,f16,2,f16;f16
v_ceil_f32_sdwa,f32,2,f32;f32
v_cos_f16_sdwa,f16,2,f16;f16
v_cos_f32_sdwa,f32,2,f32;f32
v_cvt_f16_f32_sdwa,f32,2,f16;f32
v_cvt_f16_i16_sdwa,i16,2,f16;i16
v_cvt_f16_u16_sdwa,u16,2,f16;u16
v_cvt_f32_f16_sdwa,f16,2,f32;f16
v_cvt_f32_i32_sdwa,i32,2,f32;i32
v_cvt_f32_u32_sdwa,u32,2,f32;u32
v_cvt_f32_ubyte0_sdwa,b32,2,b32;b32
v_cvt_f32_ubyte1_sdwa,b32,2,b32;b32
v_cvt_f32_ubyte2_sdwa,b32,2,b32;b32
v_cvt_f32_ubyte3_sdwa,b32,2,b32;b32
v_cvt_flr_i32_f32_sdwa,f32,2,i32;f32
v_cvt_i16_f16_sdwa,f16,2,i16;f16
v_cvt_i32_f32_sdwa,f32,2,i32;f32
v_cvt_norm_i16_f16_sdwa,f16,2,i16;f16
v_cvt_norm_u16_f16_sdwa,f16,2,u16;f16
v_cvt_off_f32_i4_sdwa,i4,2,f32;i4
v_cvt_rpi_i32_f32_sdwa,f32,2,i32;f32
v_cvt_u16_f16_sdwa,f16,2,u16;f16
v_cvt_u32_f32_sdwa,f32,2,u32;f32
v_exp_f16_sdwa,f16,2,f16;f16
v_exp_f32_sdwa,f32,2,f32;f32
v_exp_legacy_f32_sdwa,f32,2,f32;f32
v_ffbh_i32_sdwa,i32,2,i32;i32
v_ffbh_u32_sdwa,u32,2,u32;u32
v_ffbl_b32_sdwa,b32,2,b32;b32
v_floor_f16_sdwa,f16,2,f16;f16
v_floor_f32_sdwa,f32,2,f32;f32
v_fract_f16_sdwa,f16,2,f16;f16
v_fract_f32_sdwa,f32,2,f32;f32
v_frexp_exp_i16_f16_sdwa,f16,2,i16;f16
v_frexp_exp_i32_f32_sdwa,f32,2,i32;f32
v_frexp_mant_f16_sdwa,f16,2,f16;f16
v_frexp_mant_f32_sdwa,f32,2,f32;f32
v_log_f16_sdwa,f16,2,f16;f16
v_log_f32_sdwa,f32,2,f32;f32
v_log_legacy_f32_sdwa,f32,2,f32;f32
v_mov_b32_sdwa,b32,2,b32;b32
v_not_b32_sdwa,b32,2,b32;b32
v_rcp_f16_sdwa,f16,2,f16;f16
v_rcp_f32_sdwa,f32,2,f32;f32
v_rcp_iflag_f32_sdwa,f32,2,f32;f32
v_rndne_f16_sdwa,f16,2,f16;f16
v_rndne_f32_sdwa,f32,2,f32;f32
v_rsq_f16_sdwa,f16,2,f16;f16
v_rsq_f32_sdwa,f32,2,f32;f32
v_sat_pk_u8_i16_sdwa,i16,2,u8x4;i16
v_screen_partition_4se_b32_sdwa,b32,2,b32;b32
v_sin_f16_sdwa,f16,2,f16;f16
v_sin_f32_sdwa,f32,2,f32;f32
v_sqrt_f16_sdwa,f16,2,f16;f16
v_sqrt_f32_sdwa,f32,2,f32;f32
v_trunc_f16_sdwa,f16,2,f16;f16
v_trunc_f32_sdwa,f32,2,f32;f32
v_add_co_u32,u32,4,u32;u32;u32;u32
v_add_f16,f16,3,f16;f16;f16
v_add_f32,f32,3,f32;f32;f32
v_add_u16,u16,3,u16;u16;u16
v_add_u32,u32,3,u32;u32;u32
v_addc_co_u32,u32,5,u32;u32;u32;u32;u32
v_and_b32,b32,3,b32;b32;b32
v_ashrrev_i16,i16,3,i16;u16;i16
v_ashrrev_i32,i32,3,i32;u32;i32
v_cndmask_b32,b32,4,b32;b32;b32;b32
v_dot2c_f32_f16,f16,3,f32;f16x2;f16x2
v_dot2c_i32_i16,i16,3,i32;i16x2;i16x2
v_dot4c_i32_i8,i8,3,i32;i8x4;i8x4
v_dot8c_i32_i4,i4,3,i32;i4x8;i4x8
v_fmac_f32,f32,3,f32;f32;f32
v_fmac_f64,f64,3,f64;f64;f64
v_ldexp_f16,f16,3,f16;f16;i16
v_lshlrev_b16,b16,3,b16;u16;b16
v_lshlrev_b32,b32,3,b32;u32;b32
v_lshrrev_b16,b16,3,b16;u16;b16
v_lshrrev_b32,b32,3,b32;u32;b32
v_mac_f16,f16,3,f16;f16;f16
v_mac_f32,f32,3,f32;f32;f32
v_madak_f16,f16,4,f16;f16;f16;f16
v_madak_f32,f32,4,f32;f32;f32;f32
v_madmk_f16,f16,4,f16;f16;f16;f16
v_madmk_f32,f32,4,f32;f32;f32;f32
v_max_f16,f16,3,f16;f16;f16
v_max_f32,f32,3,f32;f32;f32
v_max_i16,i16,3,i16;i16;i16
v_max_i32,i32,3,i32;i32;i32
v_max_u16,u16,3,u16;u16;u16
v_max_u32,u32,3,u32;u32;u32
v_min_f16,f16,3,f16;f16;f16
v_min_f32,f32,3,f32;f32;f32
v_min_i16,i16,3,i16;i16;i16
v_min_i32,i32,3,i32;i32;i32
v_min_u16,u16,3,u16;u16;u16
v_min_u32,u32,3,u32;u32;u32
v_mul_f16,f16,3,f16;f16;f16
v_mul_f32,f32,3,f32;f32;f32
v_mul_hi_i32_i24,b32,3,b32;b32;b32
v_mul_hi_u32_u24,b32,3,b32;b32;b32
v_mul_i32_i24,b32,3,b32;b32;b32
v_mul_lo_u16,u16,3,u16;u16;u16
v_mul_u32_u24,b32,3,b32;b32;b32
v_or_b32,b32,3,b32;b32;b32
v_pk_fmac_f16,f16,3,f16;f16;f16
v_sub_co_u32,u32,4,u32;u32;u32;u32
v_sub_f16,f16,3,f16;f16;f16
v_sub_f32,f32,3,f32;f32;f32
v_sub_u16,u16,3,u16;u16;u16
v_sub_u32,u32,3,u32;u32;u32
v_subb_co_u32,u32,5,u32;u32;u32;u32;u32
v_subbrev_co_u32,u32,5,u32;u32;u32;u32;u32
v_subrev_co_u32,u32,4,u32;u32;u32;u32
v_subrev_f16,f16,3,f16;f16;f16
v_subrev_f32,f32,3,f32;f32;f32
v_subrev_u16,u16,3,u16;u16;u16
v_subrev_u32,u32,3,u32;u32;u32
v_xnor_b32,b32,3,b32;b32;b32
v_xor_b32,b32,3,b32;b32;b32
v_add_co_u32_dpp,u32,4,u32;u32;u32;u32
v_add_f16_dpp,f16,3,f16;f16;f16
v_add_f32_dpp,f32,3,f32;f32;f32
v_add_u16_dpp,u16,3,u16;u16;u16
v_add_u32_dpp,u32,3,u32;u32;u32
v_addc_co_u32_dpp,u32,5,u32;u32;u32;u32;u32
v_and_b32_dpp,b32,3,b32;b32;b32
v_ashrrev_i16_dpp,i16,3,i16;u16;i16
v_ashrrev_i32_dpp,i32,3,i32;u32;i32
v_cndmask_b32_dpp,b32,4,b32;b32;b32;b32
v_dot2c_f32_f16_dpp,f16,3,f32;f16x2;f16x2
v_dot2c_i32_i16_dpp,i16,3,i32;i16x2;i16x2
v_dot4c_i32_i8_dpp,i8,3,i32;i8x4;i8x4
v_dot8c_i32_i4_dpp,i4,3,i32;i4x8;i4x8
v_fmac_f32_dpp,f32,3,f32;f32;f32
v_fmac_f64_dpp,f64,3,f64;f64;f64
v_ldexp_f16_dpp,f16,3,f16;f16;i16
v_lshlrev_b16_dpp,b16,3,b16;u16;b16
v_lshlrev_b32_dpp,b32,3,b32;u32;b32
v_lshrrev_b16_dpp,b16,3,b16;u16;b16
v_lshrrev_b32_dpp,b32,3,b32;u32;b32
v_mac_f16_dpp,f16,3,f16;f16;f16
v_mac_f32_dpp,f32,3,f32;f32;f32
v_max_f16_dpp,f16,3,f16;f16;f16
v_max_f32_dpp,f32,3,f32;f32;f32
v_max_i16_dpp,i16,3,i16;i16;i16
v_max_i32_dpp,i32,3,i32;i32;i32
v_max_u16_dpp,u16,3,u16;u16;u16
v_max_u32_dpp,u32,3,u32;u32;u32
v_min_f16_dpp,f16,3,f16;f16;f16
v_min_f32_dpp,f32,3,f32;f32;f32
v_min_i16_dpp,i16,3,i16;i16;i16
v_min_i32_dpp,i32,3,i32;i32;i32
v_min_u16_dpp,u16,3,u16;u16;u16
v_min_u32_dpp,u32,3,u32;u32;u32
v_mul_f16_dpp,f16,3,f16;f16;f16
v_mul_f32_dpp,f32,3,f32;f32;f32
v_mul_hi_i32_i24_dpp,b32,3,b32;b32;b32
v_mul_hi_u32_u24_dpp,b32,3,b32;b32;b32
v_mul_i32_i24_dpp,b32,3,b32;b32;b32
v_mul_lo_u16_dpp,u16,3,u16;u16;u16
v_mul_u32_u24_dpp,b32,3,b32;b32;b32
v_or_b32_dpp,b32,3,b32;b32;b32
v_sub_co_u32_dpp,u32,4,u32;u32;u32;u32
v_sub_f16_dpp,f16,3,f16;f16;f16
v_sub_f32_dpp,f32,3,f32;f32;f32
v_sub_u16_dpp,u16,3,u16;u16;u16
v_sub_u32_dpp,u32,3,u32;u32;u32
v_subb_co_u32_dpp,u32,5,u32;u32;u32;u32;u32
v_subbrev_co_u32_dpp,u32,5,u32;u32;u32;u32;u32
v_subrev_co_u32_dpp,u32,4,u32;u32;u32;u32
v_subrev_f16_dpp,f16,3,f16;f16;f16
v_subrev_f32_dpp,f32,3,f32;f32;f32
v_subrev_u16_dpp,u16,3,u16;u16;u16
v_subrev_u32_dpp,u32,3,u32;u32;u32
v_xnor_b32_dpp,b32,3,b32;b32;b32
v_xor_b32_dpp,b32,3,b32;b32;b32
v_add_co_u32_sdwa,u32,4,u32;u32;u32;u32
v_add_f16_sdwa,f16,3,f16;f16;f16
v_add_f32_sdwa,f32,3,f32;f32;f32
v_add_u16_sdwa,u16,3,u16;u16;u16
v_add_u32_sdwa,u32,3,u32;u32;u32
v_addc_co_u32_sdwa,u32,5,u32;u32;u32;u32;u32
v_and_b32_sdwa,b32,3,b32;b32;b32
v_ashrrev_i16_sdwa,i16,3,i16;u16;i16
v_ashrrev_i32_sdwa,i32,3,i32;u32;i32
v_cndmask_b32_sdwa,b32,4,b32;b32;b32;b32
v_ldexp_f16_sdwa,f16,3,f16;f16;i16
v_lshlrev_b16_sdwa,b16,3,b16;u16;b16
v_lshlrev_b32_sdwa,b32,3,b32;u32;b32
v_lshrrev_b16_sdwa,b16,3,b16;u16;b16
v_lshrrev_b32_sdwa,b32,3,b32;u32;b32
v_max_f16_sdwa,f16,3,f16;f16;f16
v_max_f32_sdwa,f32,3,f32;f32;f32
v_max_i16_sdwa,i16,3,i16;i16;i16
v_max_i32_sdwa,i32,3,i32;i32;i32
v_max_u16_sdwa,u16,3,u16;u16;u16
v_max_u32_sdwa,u32,3,u32;u32;u32
v_min_f16_sdwa,f16,3,f16;f16;f16
v_min_f32_sdwa,f32,3,f32;f32;f32
v_min_i16_sdwa,i16,3,i16;i16;i16
v_min_i32_sdwa,i32,3,i32;i32;i32
v_min_u16_sdwa,u16,3,u16;u16;u16
v_min_u32_sdwa,u32,3,u32;u32;u32
v_mul_f16_sdwa,f16,3,f16;f16;f16
v_mul_f32_sdwa,f32,3,f32;f32;f32
v_mul_hi_i32_i24_sdwa,b32,3,b32;b32;b32
v_mul_hi_u32_u24_sdwa,b32,3,b32;b32;b32
v_mul_i32_i24_sdwa,b32,3,b32;b32;b32
v_mul_lo_u16_sdwa,u16,3,u16;u16;u16
v_mul_u32_u24_sdwa,b32,3,b32;b32;b32
v_or_b32_sdwa,b32,3,b32;b32;b32
v_sub_co_u32_sdwa,u32,4,u32;u32;u32;u32
v_sub_f16_sdwa,f16,3,f16;f16;f16
v_sub_f32_sdwa,f32,3,f32;f32;f32
v_sub_u16_sdwa,u16,3,u16;u16;u16
v_sub_u32_sdwa,u32,3,u32;u32;u32
v_subb_co_u32_sdwa,u32,5,u32;u32;u32;u32;u32
v_subbrev_co_u32_sdwa,u32,5,u32;u32;u32;u32;u32
v_subrev_co_u32_sdwa,u32,4,u32;u32;u32;u32
v_subrev_f16_sdwa,f16,3,f16;f16;f16
v_subrev_f32_sdwa,f32,3,f32;f32;f32
v_subrev_u16_sdwa,u16,3,u16;u16;u16
v_subrev_u32_sdwa,u32,3,u32;u32;u32
v_xnor_b32_sdwa,b32,3,b32;b32;b32
v_xor_b32_sdwa,b32,3,b32;b32;b32
v_add3_u32,u32,4,u32;u32;u32;u32
v_add_f16_e64,f16,3,f16;f16;f16
v_add_f32_e64,f32,3,f32;f32;f32
v_add_f64,f64,3,f64;f64;f64
v_add_i16,i16,3,i16;i16;i16
v_add_i32,i32,3,i32;i32;i32
v_add_lshl_u32,u32,4,u32;u32;u32;u32
v_add_u16_e64,u16,3,u16;u16;u16
v_add_u32_e64,u32,3,u32;u32;u32
v_alignbit_b32,b32,4,b32;b32;b32;b16
v_alignbyte_b32,b32,4,b32;b32;b32;b16
v_and_b32_e64,b32,3,b32;b32;b32
v_and_or_b32,b32,4,b32;b32;b32;b32
v_ashrrev_i16_e64,i16,3,i16;u16;i16
v_ashrrev_i32_e64,i32,3,i32;u32;i32
v_ashrrev_i64,i64,3,i64;u32;i64
v_bcnt_u32_b32,b32,3,u32;b32;b32
v_bfe_i32,i32,4,i32;i32;u32;u32
v_bfe_u32,u32,4,u32;u32;u32;u32
v_bfi_b32,b32,4,b32;b32;b32;b32
v_bfm_b32,b32,3,b32;b32;b32
v_bfrev_b32_e64,b32,2,b32;b32
v_ceil_f16_e64,f16,2,f16;f16
v_ceil_f32_e64,f32,2,f32;f32
v_ceil_f64_e64,f64,2,f64;f64
v_clrexcp_e64,-,0,
v_cmp_class_f16_e64,f16,3,f16;f16;b32
v_cmp_class_f32_e64,f32,3,f32;f32;b32
v_cmp_class_f64_e64,f64,3,f64;f64;b32
v_cmp_eq_f16_e64,f16,3,f16;f16;f16
v_cmp_eq_f32_e64,f32,3,f32;f32;f32
v_cmp_eq_f64_e64,f64,3,f64;f64;f64
v_cmp_eq_i16_e64,i16,3,i16;i16;i16
v_cmp_eq_i32_e64,i32,3,i32;i32;i32
v_cmp_eq_i64_e64,i64,3,i64;i64;i64
v_cmp_eq_u16_e64,u16,3,u16;u16;u16
v_cmp_eq_u32_e64,u32,3,u32;u32;u32
v_cmp_eq_u64_e64,u64,3,u64;u64;u64
v_cmp_f_f16_e64,f16,3,f16;f16;f16
v_cmp_f_f32_e64,f32,3,f32;f32;f32
v_cmp_f_f64_e64,f64,3,f64;f64;f64
v_cmp_f_i16_e64,i16,3,i16;i16;i16
v_cmp_f_i32_e64,i32,3,i32;i32;i32
v_cmp_f_i64_e64,i64,3,i64;i64;i64
v_cmp_f_u16_e64,u16,3,u16;u16;u16
v_cmp_f_u32_e64,u32,3,u32;u32;u32
v_cmp_f_u64_e64,u64,3,u64;u64;u64
v_cmp_ge_f16_e64,f16,3,f16;f16;f16
v_cmp_ge_f32_e64,f32,3,f32;f32;f32
v_cmp_ge_f64_e64,f64,3,f64;f64;f64
v_cmp_ge_i16_e64,i16,3,i16;i16;i16
v_cmp_ge_i32_e64,i32,3,i32;i32;i32
v_cmp_ge_i64_e64,i64,3,i64;i64;i64
v_cmp_ge_u16_e64,u16,3,u16;u16;u16
v_cmp_ge_u32_e64,u32,3,u32;u32;u32
v_cmp_ge_u64_e64,u64,3,u64;u64;u64
v_cmp_gt_f16_e64,f16,3,f16;f16;f16
v_cmp_gt_f32_e64,f32,3,f32;f32;f32
v_cmp_gt_f64_e64,f64,3,f64;f64;f64
v_cmp_gt_i16_e64,i16,3,i16;i16;i16
v_cmp_gt_i32_e64,i32,3,i32;i32;i32
v_cmp_gt_i64_e64,i64,3,i64;i64;i64
v_cmp_gt_u16_e64,u16,3,u16;u16;u16
v_cmp_gt_u32_e64,u32,3,u32;u32;u32
v_cmp_gt_u64_e64,u64,3,u64;u64;u64
v_cmp_le_f16_e64,f16,3,f16;f16;f16
v_cmp_le_f32_e64,f32,3,f32;f32;f32
v_cmp_le_f64_e64,f64,3,f64;f64;f64
v_cmp_le_i16_e64,i16,3,i16;i16;i16
v_cmp_le_i32_e64,i32,3,i32;i32;i32
v_cmp_le_i64_e64,i64,3,i64;i64;i64
v_cmp_le_u16_e64,u16,3,u16;u16;u16
v_cmp_le_u32_e64,u32,3,u32;u32;u32
v_cmp_le_u64_e64,u64,3,u64;u64;u64
v_cmp_lg_f16_e64,f16,3,f16;f16;f16
v_cmp_lg_f32_e64,f32,3,f32;f32;f32
v_cmp_lg_f64_e64,f64,3,f64;f64;f64
v_cmp_lt_f16_e64,f16,3,f16;f16;f16
v_cmp_lt_f32_e64,f32,3,f32;f32;f32
v_cmp_lt_f64_e64,f64,3,f64;f64;f64
v_cmp_lt_i16_e64,i16,3,i16;i16;i16
v_cmp_lt_i32_e64,i32,3,i32;i32;i32
v_cmp_lt_i64_e64,i64,3,i64;i64;i64
v_cmp_lt_u16_e64,u16,3,u16;u16;u16
v_cmp_lt_u32_e64,u32,3,u32;u32;u32
v_cmp_lt_u64_e64,u64,3,u64;u64;u64
v_cmp_ne_i16_e64,i16,3,i16;i16;i16
v_cmp_ne_i32_e64,i32,3,i32;i32;i32
v_cmp_ne_i64_e64,i64,3,i64;i64;i64
v_cmp_ne_u16_e64,u16,3,u16;u16;u16
v_cmp_ne_u32_e64,u32,3,u32;u32;u32
v_cmp_ne_u64_e64,u64,3,u64;u64;u64
v_cmp_neq_f16_e64,f16,3,f16;f16;f16
v_cmp_neq_f32_e64,f32,3,f32;f32;f32
v_cmp_neq_f64_e64,f64,3,f64;f64;f64
v_cmp_nge_f16_e64,f16,3,f16;f16;f16
v_cmp_nge_f32_e64,f32,3,f32;f32;f32
v_cmp_nge_f64_e64,f64,3,f64;f64;f64
v_cmp_ngt_f16_e64,f16,3,f16;f16;f16
v_cmp_ngt_f32_e64,f32,3,f32;f32;f32
v_cmp_ngt_f64_e64,f64,3,f64;f64;f64
v_cmp_nle_f16_e64,f16,3,f16;f16;f16
v_cmp_nle_f32_e64,f32,3,f32;f32;f32
v_cmp_nle_f64_e64,f64,3,f64;f64;f64
v_cmp_nlg_f16_e64,f16,3,f16;f16;f16
v_cmp_nlg_f32_e64,f32,3,f32;f32;f32
v_cmp_nlg_f64_e64,f64,3,f64;f64;f64
v_cmp_nlt_f16_e64,f16,3,f16;f16;f16
v_cmp_nlt_f32_e64,f32,3,f32;f32;f32
v_cmp_nlt_f64_e64,f64,3,f64;f64;f64
v_cmp_o_f16_e64,f16,3,f16;f16;f16
v_cmp_o_f32_e64,f32,3,f32;f32;f32
v_cmp_o_f64_e64,f64,3,f64;f64;f64
v_cmp_t_i16_e64,i16,3,i16;i16;i16
v_cmp_t_i32_e64,i32,3,i32;i32;i32
v_cmp_t_i64_e64,i64,3,i64;i64;i64
v_cmp_t_u16_e64,u16,3,u16;u16;u16
v_cmp_t_u32_e64,u32,3,u32;u32;u32
v_cmp_t_u64_e64,u64,3,u64;u64;u64
v_cmp_tru_f16_e64,f16,3,f16;f16;f16
v_cmp_tru_f32_e64,f32,3,f32;f32;f32
v_cmp_tru_f64_e64,f64,3,f64;f64;f64
v_cmp_u_f16_e64,f16,3,f16;f16;f16
v_cmp_u_f32_e64,f32,3,f32;f32;f32
v_cmp_u_f64_e64,f64,3,f64;f64;f64
v_cmpx_class_f16_e64,f16,3,f16;f16;b32
v_cmpx_class_f32_e64,f32,3,f32;f32;b32
v_cmpx_class_f64_e64,f64,3,f64;f64;b32
v_cmpx_eq_f16_e64,f16,3,f16;f16;f16
v_cmpx_eq_f32_e64,f32,3,f32;f32;f32
v_cmpx_eq_f64_e64,f64,3,f64;f64;f64
v_cmpx_eq_i16_e64,i16,3,i16;i16;i16
v_cmpx_eq_i32_e64,i32,3,i32;i32;i32
v_cmpx_eq_i64_e64,i64,3,i64;i64;i64
v_cmpx_eq_u16_e64,u16,3,u16;u16;u16
v_cmpx_eq_u32_e64,u32,3,u32;u32;u32
v_cmpx_eq_u64_e64,u64,3,u64;u64;u64
v_cmpx_f_f16_e64,f16,3,f16;f16;f16
v_cmpx_f_f32_e64,f32,3,f32;f32;f32
v_cmpx_f_f64_e64,f64,3,f64;f64;f64
v_cmpx_f_i16_e64,i16,3,i16;i16;i16
v_cmpx_f_i32_e64,i32,3,i32;i32;i32
v_cmpx_f_i64_e64,i64,3,i64;i64;i64
v_cmpx_f_u16_e64,u16,3,u16;u16;u16
v_cmpx_f_u32_e64,u32,3,u32;u32;u32
v_cmpx_f_u64_e64,u64,3,u64;u64;u64
v_cmpx_ge_f16_e64,f16,3,f16;f16;f16
v_cmpx_ge_f32_e64,f32,3,f32;f32;f32
v_cmpx_ge_f64_e64,f64,3,f64;f64;f64
v_cmpx_ge_i16_e64,i16,3,i16;i16;i16
v_cmpx_ge_i32_e64,i32,3,i32;i32;i32
v_cmpx_ge_i64_e64,i64,3,i64;i64;i64
v_cmpx_ge_u16_e64,u16,3,u16;u16;u16
v_cmpx_ge_u32_e64,u32,3,u32;u32;u32
v_cmpx_ge_u64_e64,u64,3,u64;u64;u64
v_cmpx_gt_f16_e64,f16,3,f16;f16;f16
v_cmpx_gt_f32_e64,f32,3,f32;f32;f32
v_cmpx_gt_f64_e64,f64,3,f64;f64;f64
v_cmpx_gt_i16_e64,i16,3,i16;i16;i16
v_cmpx_gt_i32_e64,i32,3,i32;i32;i32
v_cmpx_gt_i64_e64,i64,3,i64;i64;i64
v_cmpx_gt_u16_e64,u16,3,u16;u16;u16
v_cmpx_gt_u32_e64,u32,3,u32;u32;u32
v_cmpx_gt_u64_e64,u64,3,u64;u64;u64
v_cmpx_le_f16_e64,f16,3,f16;f16;f16
v_cmpx_le_f32_e64,f32,3,f32;f32;f32
v_cmpx_le_f64_e64,f64,3,f64;f64;f64
v_cmpx_le_i16_e64,i16,3,i16;i16;i16
v_cmpx_le_i32_e64,i32,3,i32;i32;i32
v_cmpx_le_i64_e64,i64,3,i64;i64;i64
v_cmpx_le_u16_e64,u16,3,u16;u16;u16
v_cmpx_le_u32_e64,u32,3,u32;u32;u32
v_cmpx_le_u64_e64,u64,3,u64;u64;u64
v_cmpx_lg_f16_e64,f16,3,f16;f16;f16
v_cmpx_lg_f32_e64,f32,3,f32;f32;f32
v_cmpx_lg_f64_e64,f64,3,f64;f64;f64
v_cmpx_lt_f16_e64,f16,3,f16;f16;f16
v_cmpx_lt_f32_e64,f32,3,f32;f32;f32
v_cmpx_lt_f64_e64,f64,3,f64;f64;f64
v_cmpx_lt_i16_e64,i16,3,i16;i16;i16
v_cmpx_lt_i32_e64,i32,3,i32;i32;i32
v_cmpx_lt_i64_e64,i64,3,i64;i64;i64
v_cmpx_lt_u16_e64,u16,3,u16;u16;u16
v_cmpx_lt_u32_e64,u32,3,u32;u32;u32
v_cmpx_lt_u64_e64,u64,3,u64;u64;u64
v_cmpx_ne_i16_e64,i16,3,i16;i16;i16
v_cmpx_ne_i32_e64,i32,3,i32;i32;i32
v_cmpx_ne_i64_e64,i64,3,i64;i64;i64
v_cmpx_ne_u16_e64,u16,3,u16;u16;u16
v_cmpx_ne_u32_e64,u32,3,u32;u32;u32
v_cmpx_ne_u64_e64,u64,3,u64;u64;u64
v_cmpx_neq_f16_e64,f16,3,f16;f16;f16
v_cmpx_neq_f32_e64,f32,3,f32;f32;f32
v_cmpx_neq_f64_e64,f64,3,f64;f64;f64
v_cmpx_nge_f16_e64,f16,3,f16;f16;f16
v_cmpx_nge_f32_e64,f32,3,f32;f32;f32
v_cmpx_nge_f64_e64,f64,3,f64;f64;f64
v_cmpx_ngt_f16_e64,f16,3,f16;f16;f16
v_cmpx_ngt_f32_e64,f32,3,f32;f32;f32
v_cmpx_ngt_f64_e64,f64,3,f64;f64;f64
v_cmpx_nle_f16_e64,f16,3,f16;f16;f16
v_cmpx_nle_f32_e64,f32,3,f32;f32;f32
v_cmpx_nle_f64_e64,f64,3,f64;f64;f64
v_cmpx_nlg_f16_e64,f16,3,f16;f16;f16
v_cmpx_nlg_f32_e64,f32,3,f32;f32;f32
v_cmpx_nlg_f64_e64,f64,3,f64;f64;f64
v_cmpx_nlt_f16_e64,f16,3,f16;f16;f16
v_cmpx_nlt_f32_e64,f32,3,f32;f32;f32
v_cmpx_nlt_f64_e64,f64,3,f64;f64;f64
v_cmpx_o_f16_e64,f16,3,f16;f16;f16
v_cmpx_o_f32_e64,f32,3,f32;f32;f32
v_cmpx_o_f64_e64,f64,3,f64;f64;f64
v_cmpx_t_i16_e64,i16,3,i16;i16;i16
v_cmpx_t_i32_e64,i32,3,i32;i32;i32
v_cmpx_t_i64_e64,i64,3,i64;i64;i64
v_cmpx_t_u16_e64,u16,3,u16;u16;u16
v_cmpx_t_u32_e64,u32,3,u32;u32;u32
v_cmpx_t_u64_e64,u64,3,u64;u64;u64
v_cmpx_tru_f16_e64,f16,3,f16;f16;f16
v_cmpx_tru_f32_e64,f32,3,f32;f32;f32
v_cmpx_tru_f64_e64,f64,3,f64;f64;f64
v_cmpx_u_f16_e64,f16,3,f16;f16;f16
v_cmpx_u_f32_e64,f32,3,f32;f32;f32
v_cmpx_u_f64_e64,f64,3,f64;f64;f64
v_cndmask_b32_e64,b32,4,b32;b32;b32;b32
v_cos_f16_e64,f16,2,f16;f16
v_cos_f32_e64,f32,2,f32;f32
v_cubeid_f32,f32,4,f32;f32;f32;f32
v_cubema_f32,f32,4,f32;f32;f32;f32
v_cubesc_f32,f32,4,f32;f32;f32;f32
v_cubetc_f32,f32,4,f32;f32;f32;f32
v_cvt_f16_f32_e64,f32,2,f16;f32
v_cvt_f16_i16_e64,i16,2,f16;i16
v_cvt_f16_u16_e64,u16,2,f16;u16
v_cvt_f32_f16_e64,f16,2,f32;f16
v_cvt_f32_f64_e64,f64,2,f32;f64
v_cvt_f32_i32_e64,i32,2,f32;i32
v_cvt_f32_u32_e64,u32,2,f32;u32
v_cvt_f32_ubyte0_e64,b32,2,b32;b32
v_cvt_f32_ubyte1_e64,b32,2,b32;b32
v_cvt_f32_ubyte2_e64,b32,2,b32;b32
v_cvt_f32_ubyte3_e64,b32,2,b32;b32
v_cvt_f64_f32_e64,f32,2,f64;f32
v_cvt_f64_i32_e64,i32,2,f64;i32
v_cvt_f64_u32_e64,u32,2,f64;u32
v_cvt_flr_i32_f32_e64,f32,2,i32;f32
v_cvt_i16_f16_e64,f16,2,i16;f16
v_cvt_i32_f32_e64,f32,2,i32;f32
v_cvt_i32_f64_e64,f64,2,i32;f64
v_cvt_norm_i16_f16_e64,f16,2,i16;f16
v_cvt_norm_u16_f16_e64,f16,2,u16;f16
v_cvt_off_f32_i4_e64,i4,2,f32;i4
v_cvt_pk_i16_i32,i32,3,i16;i32;i32
v_cvt_pk_u16_u32,u32,3,u16;u32;u32
v_cvt_pk_u8_f32,f32,4,b32;f32;u32;u32
v_cvt_pkaccum_u8_f32,f32,3,b32;f32;u32
v_cvt_pknorm_i16_f16,f16,3,i16;f16;f16
v_cvt_pknorm_i16_f32,f32,3,i16;f32;f32
v_cvt_pknorm_u16_f16,f16,3,u16;f16;f16
v_cvt_pknorm_u16_f32,f32,3,u16;f32;f32
v_cvt_pkrtz_f16_f32,f32,3,f16;f32;f32
v_cvt_rpi_i32_f32_e64,f32,2,i32;f32
v_cvt_u16_f16_e64,f16,2,u16;f16
v_cvt_u32_f32_e64,f32,2,u32;f32
v_cvt_u32_f64_e64,f64,2,u32;f64
v_div_fixup_f16,f16,4,f16;f16;f16;f16
v_div_fixup_f32,f32,4,f32;f32;f32;f32
v_div_fixup_f64,f64,4,f64;f64;f64;f64
v_div_fixup_legacy_f16,f16,4,f16;f16;f16;f16
v_div_fmas_f32,f32,4,f32;f32;f32;f32
v_div_fmas_f64,f64,4,f64;f64;f64;f64
v_dot2c_f32_f16_e64,f16,3,f32;f16x2;f16x2
v_dot2c_i32_i16_e64,i16,3,i32;i16x2;i16x2
v_dot4c_i32_i8_e64,i8,3,i32;i8x4;i8x4
v_dot8c_i32_i4_e64,i4,3,i32;i4x8;i4x8
v_exp_f16_e64,f16,2,f16;f16
v_exp_f32_e64,f32,2,f32;f32
v_exp_legacy_f32_e64,f32,2,f32;f32
v_ffbh_i32_e64,i32,2,i32;i32
v_ffbh_u32_e64,u32,2,u32;u32
v_ffbl_b32_e64,b32,2,b32;b32
v_floor_f16_e64,f16,2,f16;f16
v_floor_f32_e64,f32,2,f32;f32
v_floor_f64_e64,f64,2,f64;f64
v_fma_f16,f16,4,f16;f16;f16;f16
v_fma_f32,f32,4,f32;f32;f32;f32
v_fma_f64,f64,4,f64;f64;f64;f64
v_fma_legacy_f16,f16,4,f16;f16;f16;f16
v_fmac_f32_e64,f32,3,f32;f32;f32
v_fmac_f64_e64,f64,3,f64;f64;f64
v_fract_f16_e64,f16,2,f16;f16
v_fract_f32_e64,f32,2,f32;f32
v_fract_f64_e64,f64,2,f64;f64
v_frexp_exp_i16_f16_e64,f16,2,i16;f16
v_frexp_exp_i32_f32_e64,f32,2,i32;f32
v_frexp_exp_i32_f64_e64,f64,2,i32;f64
v_frexp_mant_f16_e64,f16,2,f16;f16
v_frexp_mant_f32_e64,f32,2,f32;f32
v_frexp_mant_f64_e64,f64,2,f64;f64
v_ldexp_f16_e64,f16,3,f16;f16;i16
v_ldexp_f32,f32,3,f32;f32;i32
v_ldexp_f64,f64,3,f64;f64;i32
v_lerp_u8,u8,4,u32;b32;b32;b32
v_log_f16_e64,f16,2,f16;f16
v_log_f32_e64,f32,2,f32;f32
v_log_legacy_f32_e64,f32,2,f32;f32
v_lshl_add_u32,u32,4,u32;u32;u32;u32
v_lshl_or_b32,b32,4,b32;b32;u32;b32
v_lshlrev_b16_e64,b16,3,b16;u16;b16
v_lshlrev_b32_e64,b32,3,b32;u32;b32
v_lshlrev_b64,b64,3,b64;u32;b64
v_lshrrev_b16_e64,b16,3,b16;u16;b16
v_lshrrev_b32_e64,b32,3,b32;u32;b32
v_lshrrev_b64,b64,3,b64;u32;b64
v_mac_f16_e64,f16,3,f16;f16;f16
v_mac_f32_e64,f32,3,f32;f32;f32
v_mad_f16,f16,4,f16;f16;f16;f16
v_mad_f32,f32,4,f32;f32;f32;f32
v_mad_i16,i16,4,i16;i16;i16;i16
v_mad_i32_i16,i16,4,i32;i16;i16;i32
v_mad_i32_i24,b32,4,b32;b32;b32;i32
v_mad_legacy_f16,f16,4,f16;f16;f16;f16
v_mad_legacy_f32,f32,4,f32;f32;f32;f32
v_mad_legacy_i16,i16,4,i16;i16;i16;i16
v_mad_legacy_u16,u16,4,u16;u16;u16;u16
v_mad_u16,u16,4,u16;u16;u16;u16
v_mad_u32_u16,u16,4,u32;u16;u16;u32
v_mad_u32_u24,b32,4,b32;b32;b32;u32
v_max3_f16,f16,4,f16;f16;f16;f16
v_max3_f32,f32,4,f32;f32;f32;f32
v_max3_i16,i16,4,i16;i16;i16;i16
v_max3_i32,i32,4,i32;i32;i32;i32
v_max3_u16,u16,4,u16;u16;u16;u16
v_max3_u32,u32,4,u32;u32;u32;u32
v_max_f16_e64,f16,3,f16;f16;f16
v_max_f32_e64,f32,3,f32;f32;f32
v_max_f64,f64,3,f64;f64;f64
v_max_i16_e64,i16,3,i16;i16;i16
v_max_i32_e64,i32,3,i32;i32;i32
v_max_u16_e64,u16,3,u16;u16;u16
v_max_u32_e64,u32,3,u32;u32;u32
v_mbcnt_hi_u32_b32,b32,3,u32;b32;b32
v_mbcnt_lo_u32_b32,b32,3,u32;b32;b32
v_med3_f16,f16,4,f16;f16;f16;f16
v_med3_f32,f32,4,f32;f32;f32;f32
v_med3_i16,i16,4,i16;i16;i16;i16
v_med3_i32,i32,4,i32;i32;i32;i32
v_med3_u16,u16,4,u16;u16;u16;u16
v_med3_u32,u32,4,u32;u32;u32;u32
v_min3_f16,f16,4,f16;f16;f16;f16
v_min3_f32,f32,4,f32;f32;f32;f32
v_min3_i16,i16,4,i16;i16;i16;i16
v_min3_i32,i32,4,i32;i32;i32;i32
v_min3_u16,u16,4,u16;u16;u16;u16
v_min3_u32,u32,4,u32;u32;u32;u32
v_min_f16_e64,f16,3,f16;f16;f16
v_min_f32_e64,f32,3,f32;f32;f32
v_min_f64,f64,3,f64;f64;f64
v_min_i16_e64,i16,3,i16;i16;i16
v_min_i32_e64,i32,3,i32;i32;i32
v_min_u16_e64,u16,3,u16;u16;u16
v_min_u32_e64,u32,3,u32;u32;u32
v_mov_b32_e64,b32,2,b32;b32
v_mqsad_pk_u16_u8,u8,4,u16x4;u8x8;u8x4;u16x4
v_mqsad_u32_u8,u8,4,u32x4;u8x8;u8x4;u32x4
v_msad_u8,u8,4,u32;u8x4;u8x4;u32
v_mul_f16_e64,f16,3,f16;f16;f16
v_mul_f32_e64,f32,3,f32;f32;f32
v_mul_f64,f64,3,f64;f64;f64
v_mul_hi_i32,i32,3,i32;i32;i32
v_mul_hi_i32_i24_e64,b32,3,b32;b32;b32
v_mul_hi_u32,u32,3,u32;u32;u32
v_mul_hi_u32_u24_e64,b32,3,b32;b32;b32
v_mul_i32_i24_e64,b32,3,b32;b32;b32
v_mul_legacy_f32,f32,3,f32;f32;f32
v_mul_lo_u16_e64,u16,3,u16;u16;u16
v_mul_lo_u32,u32,3,u32;u32;u32
v_mul_u32_u24_e64,b32,3,b32;b32;b32
v_nop_e64,-,0,
v_not_b32_e64,b32,2,b32;b32
v_or3_b32,b32,4,b32;b32;b32;b32
v_or_b32_e64,b32,3,b32;b32;b32
v_pack_b32_f16,f16,3,b32;f16;f16
v_perm_b32,b32,4,b32;b32;b32;b32
v_qsad_pk_u16_u8,u8,4,u16x4;u8x8;u8x4;u16x4
v_rcp_f16_e64,f16,2,f16;f16
v_rcp_f32_e64,f32,2,f32;f32
v_rcp_f64_e64,f64,2,f64;f64
v_rcp_iflag_f32_e64,f32,2,f32;f32
v_readlane_b32,b32,3,b32;b32;b32
v_rndne_f16_e64,f16,2,f16;f16
v_rndne_f32_e64,f32,2,f32;f32
v_rndne_f64_e64,f64,2,f64;f64
v_rsq_f16_e64,f16,2,f16;f16
v_rsq_f32_e64,f32,2,f32;f32
v_rsq_f64_e64,f64,2,f64;f64
v_sad_hi_u8,u8,4,u32;u8x4;u8x4;u32
v_sad_u16,u16,4,u32;u16x2;u16x2;u32
v_sad_u32,u32,4,u32;u32;u32;u32
v_sad_u8,u8,4,u32;u8x4;u8x4;u32
v_sat_pk_u8_i16_e64,i16,2,u8x4;i16
v_screen_partition_4se_b32_e64,b32,2,b32;b32
v_sin_f16_e64,f16,2,f16;f16
v_sin_f32_e64,f32,2,f32;f32
v_sqrt_f16_e64,f16,2,f16;f16
v_sqrt_f32_e64,f32,2,f32;f32
v_sqrt_f64_e64,f64,2,f64;f64
v_sub_f16_e64,f16,3,f16;f16;f16
v_sub_f32_e64,f32,3,f32;f32;f32
v_sub_i16,i16,3,i16;i16;i16
v_sub_i32,i32,3,i32;i32;i32
v_sub_u16_e64,u16,3,u16;u16;u16
v_sub_u32_e64,u32,3,u32;u32;u32
v_subrev_f16_e64,f16,3,f16;f16;f16
v_subrev_f32_e64,f32,3,f32;f32;f32
v_subrev_u16_e64,u16,3,u16;u16;u16
v_subrev_u32_e64,u32,3,u32;u32;u32
v_trig_preop_f64,f64,3,f64;f64;u32
v_trunc_f16_e64,f16,2,f16;f16
v_trunc_f32_e64,f32,2,f32;f32
v_trunc_f64_e64,f64,2,f64;f64
v_writelane_b32,b32,3,b32;b32;b32
v_xad_u32,u32,4,u32;u32;u32;u32
v_xnor_b32_e64,b32,3,b32;b32;b32
v_xor_b32_e64,b32,3,b32;b32;b32
v_add_co_u32_e64,u32,4,u32;u32;u32;u32
v_addc_co_u32_e64,u32,5,u32;u32;u32;u32;u32
v_div_scale_f32,f32,5,f32;f32;f32;f32;f32
v_div_scale_f64,f64,5,f64;f64;f64;f64;f64
v_mad_i64_i32,i32,5,i64;i64;i32;i32;i64
v_mad_u64_u32,u32,5,u64;u64;u32;u32;u64
v_sub_co_u32_e64,u32,4,u32;u32;u32;u32
v_subb_co_u32_e64,u32,5,u32;u32;u32;u32;u32
v_subbrev_co_u32_e64,u32,5,u32;u32;u32;u32;u32
v_subrev_co_u32_e64,u32,4,u32;u32;u32;u32
v_accvgpr_read_b32,b32,2,b32;b32
v_accvgpr_write_b32,b32,2,b32;b32
v_dot2_f32_f16,f16,4,f32;f16x2;f16x2;f32
v_dot2_i32_i16,i16,4,i32;i16x2;i16x2;i32
v_dot2_u32_u16,u16,4,u32;u16x2;u16x2;u32
v_dot4_i32_i8,i8,4,i32;i8x4;i8x4;i32
v_dot4_u32_u8,u8,4,u32;u8x4;u8x4;u32
v_dot8_i32_i4,i4,4,i32;i4x8;i4x8;i32
v_dot8_u32_u4,u4,4,u32;u4x8;u4x8;u32
v_fma_mix_f32,f32,4,f32;fx;fx;fx
v_fma_mixhi_f16,f16,4,f16;fx;fx;fx
v_fma_mixlo_f16,f16,4,f16;fx;fx;fx
v_pk_add_f16,f16,3,f16;f16;f16
v_pk_add_f32,f32,3,f32;f32;f32
v_pk_add_i16,i16,3,i16;i16;i16
v_pk_add_u16,u16,3,u16;u16;u16
v_pk_ashrrev_i16,i16,3,i16;u16x2;i16
v_pk_fma_f16,f16,4,f16;f16;f16;f16
v_pk_fma_f32,f32,4,f32;f32;f32;f32
v_pk_lshlrev_b16,b16,3,b16;u16x2;b16
v_pk_lshrrev_b16,b16,3,b16;u16x2;b16
v_pk_mad_i16,i16,4,i16;i16;i16;i16
v_pk_mad_u16,u16,4,u16;u16;u16;u16
v_pk_max_f16,f16,3,f16;f16;f16
v_pk_max_i16,i16,3,i16;i16;i16
v_pk_max_u16,u16,3,u16;u16;u16
v_pk_min_f16,f16,3,f16;f16;f16
v_pk_min_i16,i16,3,i16;i16;i16
v_pk_min_u16,u16,3,u16;u16;u16
v_pk_mov_b32,b32,3,b32;b32;b32
v_pk_mul_f16,f16,3,f16;f16;f16
v_pk_mul_f32,f32,3,f32;f32;f32
v_pk_mul_lo_u16,u16,3,u16;u16;u16
v_pk_sub_i16,i16,3,i16;i16;i16
v_pk_sub_u16,u16,3,u16;u16;u16
v_mfma_f32_16x16x16bf16_1k,b32,4,f32x4;bf16x4;bf16x4;f32x4
v_mfma_f32_16x16x16f16,f16,4,f32x4;f16x4;f16x4;f32x4
v_mfma_f32_16x16x1f32,f32,4,f32x16;f32;f32;f32x16
v_mfma_f32_16x16x2bf16,f16,4,f32x16;bf16x2;bf16x2;f32x16
v_mfma_f32_16x16x4bf16_1k,b32,4,f32x16;bf16x4;bf16x4;f32x16
v_mfma_f32_16x16x4f16,f16,4,f32x16;f16x4;f16x4;f32x16
v_mfma_f32_16x16x4f32,f32,4,f32x4;f32;f32;f32x4
v_mfma_f32_16x16x8bf16,f16,4,f32x4;bf16x2;bf16x2;f32x4
v_mfma_f32_32x32x1f32,f32,4,f32x32;f32;f32;f32x32
v_mfma_f32_32x32x2bf16,f16,4,f32x32;bf16x2;bf16x2;f32x32
v_mfma_f32_32x32x2f32,f32,4,f32x16;f32;f32;f32x16
v_mfma_f32_32x32x4bf16,f16,4,f32x16;bf16x2;bf16x2;f32x16
v_mfma_f32_32x32x4bf16_1k,b32,4,f32x32;bf16x4;bf16x4;f32x32
v_mfma_f32_32x32x4f16,f16,4,f32x32;f16x4;f16x4;f32x32
v_mfma_f32_32x32x8bf16_1k,b32,4,f32x16;bf16x4;bf16x4;f32x16
v_mfma_f32_32x32x8f16,f16,4,f32x16;f16x4;f16x4;f32x16
v_mfma_f32_4x4x1f32,f32,4,f32x4;f32;f32;f32x4
v_mfma_f32_4x4x2bf16,f16,4,f32x4;bf16x2;bf16x2;f32x4
v_mfma_f32_4x4x4bf16_1k,b32,4,f32x4;bf16x4;bf16x4;f32x4
v_mfma_f32_4x4x4f16,f16,4,f32x4;f16x4;f16x4;f32x4
v_mfma_f64_16x16x4f64,f64,4,f64x4;f64;f64;f64x4
v_mfma_f64_4x4x4f64,f64,4,f64;f64;f64;f64
v_mfma_i32_16x16x16i8,i8,4,i32x4;i8x4;i8x4;i32x4
v_mfma_i32_16x16x4i8,i8,4,i32x16;i8x4;i8x4;i32x16
v_mfma_i32_32x32x4i8,i8,4,i32x32;i8x4;i8x4;i32x32
v_mfma_i32_32x32x8i8,i8,4,i32x16;i8x4;i8x4;i32x16
v_mfma_i32_4x4x4i8,i8,4,i32x4;i8x4;i8x4;i32x4
v_mad_mix_f32,,0,
v_mad_mixlo_f16,,0,
v_mad_mixhi_f16,,0,
v_accvgpr_read,,0,
v_accvgpr_write,,0,
v_cmp_class_f16,f16,3,f16;f16;b32
v_cmp_class_f32,f32,3,f32;f32;b32
v_cmp_class_f64,f64,3,f64;f64;b32
v_cmp_eq_f16,f16,3,f16;f16;f16
v_cmp_eq_f32,f32,3,f32;f32;f32
v_cmp_eq_f64,f64,3,f64;f64;f64
v_cmp_eq_i16,i16,3,i16;i16;i16
v_cmp_eq_i32,i32,3,i32;i32;i32
v_cmp_eq_i64,i64,3,i64;i64;i64
v_cmp_eq_u16,u16,3,u16;u16;u16
v_cmp_eq_u32,u32,3,u32;u32;u32
v_cmp_eq_u64,u64,3,u64;u64;u64
v_cmp_f_f16,f16,3,f16;f16;f16
v_cmp_f_f32,f32,3,f32;f32;f32
v_cmp_f_f64,f64,3,f64;f64;f64
v_cmp_f_i16,i16,3,i16;i16;i16
v_cmp_f_i32,i32,3,i32;i32;i32
v_cmp_f_i64,i64,3,i64;i64;i64
v_cmp_f_u16,u16,3,u16;u16;u16
v_cmp_f_u32,u32,3,u32;u32;u32
v_cmp_f_u64,u64,3,u64;u64;u64
v_cmp_ge_f16,f16,3,f16;f16;f16
v_cmp_ge_f32,f32,3,f32;f32;f32
v_cmp_ge_f64,f64,3,f64;f64;f64
v_cmp_ge_i16,i16,3,i16;i16;i16
v_cmp_ge_i32,i32,3,i32;i32;i32
v_cmp_ge_i64,i64,3,i64;i64;i64
v_cmp_ge_u16,u16,3,u16;u16;u16
v_cmp_ge_u32,u32,3,u32;u32;u32
v_cmp_ge_u64,u64,3,u64;u64;u64
v_cmp_gt_f16,f16,3,f16;f16;f16
v_cmp_gt_f32,f32,3,f32;f32;f32
v_cmp_gt_f64,f64,3,f64;f64;f64
v_cmp_gt_i16,i16,3,i16;i16;i16
v_cmp_gt_i32,i32,3,i32;i32;i32
v_cmp_gt_i64,i64,3,i64;i64;i64
v_cmp_gt_u16,u16,3,u16;u16;u16
v_cmp_gt_u32,u32,3,u32;u32;u32
v_cmp_gt_u64,u64,3,u64;u64;u64
v_cmp_le_f16,f16,3,f16;f16;f16
v_cmp_le_f32,f32,3,f32;f32;f32
v_cmp_le_f64,f64,3,f64;f64;f64
v_cmp_le_i16,i16,3,i16;i16;i16
v_cmp_le_i32,i32,3,i32;i32;i32
v_cmp_le_i64,i64,3,i64;i64;i64
v_cmp_le_u16,u16,3,u16;u16;u16
v_cmp_le_u32,u32,3,u32;u32;u32
v_cmp_le_u64,u64,3,u64;u64;u64
v_cmp_lg_f16,f16,3,f16;f16;f16
v_cmp_lg_f32,f32,3,f32;f32;f32
v_cmp_lg_f64,f64,3,f64;f64;f64
v_cmp_lt_f16,f16,3,f16;f16;f16
v_cmp_lt_f32,f32,3,f32;f32;f32
v_cmp_lt_f64,f64,3,f64;f64;f64
v_cmp_lt_i16,i16,3,i16;i16;i16
v_cmp_lt_i32,i32,3,i32;i32;i32
v_cmp_lt_i64,i64,3,i64;i64;i64
v_cmp_lt_u16,u16,3,u16;u16;u16
v_cmp_lt_u32,u32,3,u32;u32;u32
v_cmp_lt_u64,u64,3,u64;u64;u64
v_cmp_ne_i16,i16,3,i16;i16;i16
v_cmp_ne_i32,i32,3,i32;i32;i32
v_cmp_ne_i64,i64,3,i64;i64;i64
v_cmp_ne_u16,u16,3,u16;u16;u16
v_cmp_ne_u32,u32,3,u32;u32;u32
v_cmp_ne_u64,u64,3,u64;u64;u64
v_cmp_neq_f16,f16,3,f16;f16;f16
v_cmp_neq_f32,f32,3,f32;f32;f32
v_cmp_neq_f64,f64,3,f64;f64;f64
v_cmp_nge_f16,f16,3,f16;f16;f16
v_cmp_nge_f32,f32,3,f32;f32;f32
v_cmp_nge_f64,f64,3,f64;f64;f64
v_cmp_ngt_f16,f16,3,f16;f16;f16
v_cmp_ngt_f32,f32,3,f32;f32;f32
v_cmp_ngt_f64,f64,3,f64;f64;f64
v_cmp_nle_f16,f16,3,f16;f16;f16
v_cmp_nle_f32,f32,3,f32;f32;f32
v_cmp_nle_f64,f64,3,f64;f64;f64
v_cmp_nlg_f16,f16,3,f16;f16;f16
v_cmp_nlg_f32,f32,3,f32;f32;f32
v_cmp_nlg_f64,f64,3,f64;f64;f64
v_cmp_nlt_f16,f16,3,f16;f16;f16
v_cmp_nlt_f32,f32,3,f32;f32;f32
v_cmp_nlt_f64,f64,3,f64;f64;f64
v_cmp_o_f16,f16,3,f16;f16;f16
v_cmp_o_f32,f32,3,f32;f32;f32
v_cmp_o_f64,f64,3,f64;f64;f64
v_cmp_t_i16,i16,3,i16;i16;i16
v_cmp_t_i32,i32,3,i32;i32;i32
v_cmp_t_i64,i64,3,i64;i64;i64
v_cmp_t_u16,u16,3,u16;u16;u16
v_cmp_t_u32,u32,3,u32;u32;u32
v_cmp_t_u64,u64,3,u64;u64;u64
v_cmp_tru_f16,f16,3,f16;f16;f16
v_cmp_tru_f32,f32,3,f32;f32;f32
v_cmp_tru_f64,f64,3,f64;f64;f64
v_cmp_u_f16,f16,3,f16;f16;f16
v_cmp_u_f32,f32,3,f32;f32;f32
v_cmp_u_f64,f64,3,f64;f64;f64
v_cmpx_class_f16,f16,3,f16;f16;b32
v_cmpx_class_f32,f32,3,f32;f32;b32
v_cmpx_class_f64,f64,3,f64;f64;b32
v_cmpx_eq_f16,f16,3,f16;f16;f16
v_cmpx_eq_f32,f32,3,f32;f32;f32
v_cmpx_eq_f64,f64,3,f64;f64;f64
v_cmpx_eq_i16,i16,3,i16;i16;i16
v_cmpx_eq_i32,i32,3,i32;i32;i32
v_cmpx_eq_i64,i64,3,i64;i64;i64
v_cmpx_eq_u16,u16,3,u16;u16;u16
v_cmpx_eq_u32,u32,3,u32;u32;u32
v_cmpx_eq_u64,u64,3,u64;u64;u64
v_cmpx_f_f16,f16,3,f16;f16;f16
v_cmpx_f_f32,f32,3,f32;f32;f32
v_cmpx_f_f64,f64,3,f64;f64;f64
v_cmpx_f_i16,i16,3,i16;i16;i16
v_cmpx_f_i32,i32,3,i32;i32;i32
v_cmpx_f_i64,i64,3,i64;i64;i64
v_cmpx_f_u16,u16,3,u16;u16;u16
v_cmpx_f_u32,u32,3,u32;u32;u32
v_cmpx_f_u64,u64,3,u64;u64;u64
v_cmpx_ge_f16,f16,3,f16;f16;f16
v_cmpx_ge_f32,f32,3,f32;f32;f32
v_cmpx_ge_f64,f64,3,f64;f64;f64
v_cmpx_ge_i16,i16,3,i16;i16;i16
v_cmpx_ge_i32,i32,3,i32;i32;i32
v_cmpx_ge_i64,i64,3,i64;i64;i64
v_cmpx_ge_u16,u16,3,u16;u16;u16
v_cmpx_ge_u32,u32,3,u32;u32;u32
v_cmpx_ge_u64,u64,3,u64;u64;u64
v_cmpx_gt_f16,f16,3,f16;f16;f16
v_cmpx_gt_f32,f32,3,f32;f32;f32
v_cmpx_gt_f64,f64,3,f64;f64;f64
v_cmpx_gt_i16,i16,3,i16;i16;i16
v_cmpx_gt_i32,i32,3,i32;i32;i32
v_cmpx_gt_i64,i64,3,i64;i64;i64
v_cmpx_gt_u16,u16,3,u16;u16;u16
v_cmpx_gt_u32,u32,3,u32;u32;u32
v_cmpx_gt_u64,u64,3,u64;u64;u64
v_cmpx_le_f16,f16,3,f16;f16;f16
v_cmpx_le_f32,f32,3,f32;f32;f32
v_cmpx_le_f64,f64,3,f64;f64;f64
v_cmpx_le_i16,i16,3,i16;i16;i16
v_cmpx_le_i32,i32,3,i32;i32;i32
v_cmpx_le_i64,i64,3,i64;i64;i64
v_cmpx_le_u16,u16,3,u16;u16;u16
v_cmpx_le_u32,u32,3,u32;u32;u32
v_cmpx_le_u64,u64,3,u64;u64;u64
v_cmpx_lg_f16,f16,3,f16;f16;f16
v_cmpx_lg_f32,f32,3,f32;f32;f32
v_cmpx_lg_f64,f64,3,f64;f64;f64
v_cmpx_lt_f16,f16,3,f16;f16;f16
v_cmpx_lt_f32,f32,3,f32;f32;f32
v_cmpx_lt_f64,f64,3,f64;f64;f64
v_cmpx_lt_i16,i16,3,i16;i16;i16
v_cmpx_lt_i32,i32,3,i32;i32;i32
v_cmpx_lt_i64,i64,3,i64;i64;i64
v_cmpx_lt_u16,u16,3,u16;u16;u16
v_cmpx_lt_u32,u32,3,u32;u32;u32
v_cmpx_lt_u64,u64,3,u64;u64;u64
v_cmpx_ne_i16,i16,3,i16;i16;i16
v_cmpx_ne_i32,i32,3,i32;i32;i32
v_cmpx_ne_i64,i64,3,i64;i64;i64
v_cmpx_ne_u16,u16,3,u16;u16;u16
v_cmpx_ne_u32,u32,3,u32;u32;u32
v_cmpx_ne_u64,u64,3,u64;u64;u64
v_cmpx_neq_f16,f16,3,f16;f16;f16
v_cmpx_neq_f32,f32,3,f32;f32;f32
v_cmpx_neq_f64,f64,3,f64;f64;f64
v_cmpx_nge_f16,f16,3,f16;f16;f16
v_cmpx_nge_f32,f32,3,f32;f32;f32
v_cmpx_nge_f64,f64,3,f64;f64;f64
v_cmpx_ngt_f16,f16,3,f16;f16;f16
v_cmpx_ngt_f32,f32,3,f32;f32;f32
v_cmpx_ngt_f64,f64,3,f64;f64;f64
v_cmpx_nle_f16,f16,3,f16;f16;f16
v_cmpx_nle_f32,f32,3,f32;f32;f32
v_cmpx_nle_f64,f64,3,f64;f64;f64
v_cmpx_nlg_f16,f16,3,f16;f16;f16
v_cmpx_nlg_f32,f32,3,f32;f32;f32
v_cmpx_nlg_f64,f64,3,f64;f64;f64
v_cmpx_nlt_f16,f16,3,f16;f16;f16
v_cmpx_nlt_f32,f32,3,f32;f32;f32
v_cmpx_nlt_f64,f64,3,f64;f64;f64
v_cmpx_o_f16,f16,3,f16;f16;f16
v_cmpx_o_f32,f32,3,f32;f32;f32
v_cmpx_o_f64,f64,3,f64;f64;f64
v_cmpx_t_i16,i16,3,i16;i16;i16
v_cmpx_t_i32,i32,3,i32;i32;i32
v_cmpx_t_i64,i64,3,i64;i64;i64
v_cmpx_t_u16,u16,3,u16;u16;u16
v_cmpx_t_u32,u32,3,u32;u32;u32
v_cmpx_t_u64,u64,3,u64;u64;u64
v_cmpx_tru_f16,f16,3,f16;f16;f16
v_cmpx_tru_f32,f32,3,f32;f32;f32
v_cmpx_tru_f64,f64,3,f64;f64;f64
v_cmpx_u_f16,f16,3,f16;f16;f16
v_cmpx_u_f32,f32,3,f32;f32;f32
v_cmpx_u_f64,f64,3,f64;f64;f64
v_cmp_class_f16_sdwa,f16,3,f16;f16;b32
v_cmp_class_f32_sdwa,f32,3,f32;f32;b32
v_cmp_eq_f16_sdwa,f16,3,f16;f16;f16
v_cmp_eq_f32_sdwa,f32,3,f32;f32;f32
v_cmp_eq_i16_sdwa,i16,3,i16;i16;i16
v_cmp_eq_i32_sdwa,i32,3,i32;i32;i32
v_cmp_eq_u16_sdwa,u16,3,u16;u16;u16
v_cmp_eq_u32_sdwa,u32,3,u32;u32;u32
v_cmp_f_f16_sdwa,f16,3,f16;f16;f16
v_cmp_f_f32_sdwa,f32,3,f32;f32;f32
v_cmp_f_i16_sdwa,i16,3,i16;i16;i16
v_cmp_f_i32_sdwa,i32,3,i32;i32;i32
v_cmp_f_u16_sdwa,u16,3,u16;u16;u16
v_cmp_f_u32_sdwa,u32,3,u32;u32;u32
v_cmp_ge_f16_sdwa,f16,3,f16;f16;f16
v_cmp_ge_f32_sdwa,f32,3,f32;f32;f32
v_cmp_ge_i16_sdwa,i16,3,i16;i16;i16
v_cmp_ge_i32_sdwa,i32,3,i32;i32;i32
v_cmp_ge_u16_sdwa,u16,3,u16;u16;u16
v_cmp_ge_u32_sdwa,u32,3,u32;u32;u32
v_cmp_gt_f16_sdwa,f16,3,f16;f16;f16
v_cmp_gt_f32_sdwa,f32,3,f32;f32;f32
v_cmp_gt_i16_sdwa,i16,3,i16;i16;i16
v_cmp_gt_i32_sdwa,i32,3,i32;i32;i32
v_cmp_gt_u16_sdwa,u16,3,u16;u16;u16
v_cmp_gt_u32_sdwa,u32,3,u32;u32;u32
v_cmp_le_f16_sdwa,f16,3,f16;f16;f16
v_cmp_le_f32_sdwa,f32,3,f32;f32;f32
v_cmp_le_i16_sdwa,i16,3,i16;i16;i16
v_cmp_le_i32_sdwa,i32,3,i32;i32;i32
v_cmp_le_u16_sdwa,u16,3,u16;u16;u16
v_cmp_le_u32_sdwa,u32,3,u32;u32;u32
v_cmp_lg_f16_sdwa,f16,3,f16;f16;f16
v_cmp_lg_f32_sdwa,f32,3,f32;f32;f32
v_cmp_lt_f16_sdwa,f16,3,f16;f16;f16
v_cmp_lt_f32_sdwa,f32,3,f32;f32;f32
v_cmp_lt_i16_sdwa,i16,3,i16;i16;i16
v_cmp_lt_i32_sdwa,i32,3,i32;i32;i32
v_cmp_lt_u16_sdwa,u16,3,u16;u16;u16
v_cmp_lt_u32_sdwa,u32,3,u32;u32;u32
v_cmp_ne_i16_sdwa,i16,3,i16;i16;i16
v_cmp_ne_i32_sdwa,i32,3,i32;i32;i32
v_cmp_ne_u16_sdwa,u16,3,u16;u16;u16
v_cmp_ne_u32_sdwa,u32,3,u32;u32;u32
v_cmp_neq_f16_sdwa,f16,3,f16;f16;f16
v_cmp_neq_f32_sdwa,f32,3,f32;f32;f32
v_cmp_nge_f16_sdwa,f16,3,f16;f16;f16
v_cmp_nge_f32_sdwa,f32,3,f32;f32;f32
v_cmp_ngt_f16_sdwa,f16,3,f16;f16;f16
v_cmp_ngt_f32_sdwa,f32,3,f32;f32;f32
v_cmp_nle_f16_sdwa,f16,3,f16;f16;f16
v_cmp_nle_f32_sdwa,f32,3,f32;f32;f32
v_cmp_nlg_f16_sdwa,f16,3,f16;f16;f16
v_cmp_nlg_f32_sdwa,f32,3,f32;f32;f32
v_cmp_nlt_f16_sdwa,f16,3,f16;f16;f16
v_cmp_nlt_f32_sdwa,f32,3,f32;f32;f32
v_cmp_o_f16_sdwa,f16,3,f16;f16;f16
v_cmp_o_f32_sdwa,f32,3,f32;f32;f32
v_cmp_t_i16_sdwa,i16,3,i16;i16;i16
v_cmp_t_i32_sdwa,i32,3,i32;i32;i32
v_cmp_t_u16_sdwa,u16,3,u16;u16;u16
v_cmp_t_u32_sdwa,u32,3,u32;u32;u32
v_cmp_tru_f16_sdwa,f16,3,f16;f16;f16
v_cmp_tru_f32_sdwa,f32,3,f32;f32;f32
v_cmp_u_f16_sdwa,f16,3,f16;f16;f16
v_cmp_u_f32_sdwa,f32,3,f32;f32;f32
v_cmpx_class_f16_sdwa,f16,3,f16;f16;b32
v_cmpx_class_f32_sdwa,f32,3,f32;f32;b32
v_cmpx_eq_f16_sdwa,f16,3,f16;f16;f16
v_cmpx_eq_f32_sdwa,f32,3,f32;f32;f32
v_cmpx_eq_i16_sdwa,i16,3,i16;i16;i16
v_cmpx_eq_i32_sdwa,i32,3,i32;i32;i32
v_cmpx_eq_u16_sdwa,u16,3,u16;u16;u16
v_cmpx_eq_u32_sdwa,u32,3,u32;u32;u32
v_cmpx_f_f16_sdwa,f16,3,f16;f16;f16
v_cmpx_f_f32_sdwa,f32,3,f32;f32;f32
v_cmpx_f_i16_sdwa,i16,3,i16;i16;i16
v_cmpx_f_i32_sdwa,i32,3,i32;i32;i32
v_cmpx_f_u16_sdwa,u16,3,u16;u16;u16
v_cmpx_f_u32_sdwa,u32,3,u32;u32;u32
v_cmpx_ge_f16_sdwa,f16,3,f16;f16;f16
v_cmpx_ge_f32_sdwa,f32,3,f32;f32;f32
v_cmpx_ge_i16_sdwa,i16,3,i16;i16;i16
v_cmpx_ge_i32_sdwa,i32,3,i32;i32;i32
v_cmpx_ge_u16_sdwa,u16,3,u16;u16;u16
v_cmpx_ge_u32_sdwa,u32,3,u32;u32;u32
v_cmpx_gt_f16_sdwa,f16,3,f16;f16;f16
v_cmpx_gt_f32_sdwa,f32,3,f32;f32;f32
v_cmpx_gt_i16_sdwa,i16,3,i16;i16;i16
v_cmpx_gt_i32_sdwa,i32,3,i32;i32;i32
v_cmpx_gt_u16_sdwa,u16,3,u16;u16;u16
v_cmpx_gt_u32_sdwa,u32,3,u32;u32;u32
v_cmpx_le_f16_sdwa,f16,3,f16;f16;f16
v_cmpx_le_f32_sdwa,f32,3,f32;f32;f32
v_cmpx_le_i16_sdwa,i16,3,i16;i16;i16
v_cmpx_le_i32_sdwa,i32,3,i32;i32;i32
v_cmpx_le_u16_sdwa,u16,3,u16;u16;u16
v_cmpx_le_u32_sdwa,u32,3,u32;u32;u32
v_cmpx_lg_f16_sdwa,f16,3,f16;f16;f16
v_cmpx_lg_f32_sdwa,f32,3,f32;f32;f32
v_cmpx_lt_f16_sdwa,f16,3,f16;f16;f16
v_cmpx_lt_f32_sdwa,f32,3,f32;f32;f32
v_cmpx_lt_i16_sdwa,i16,3,i16;i16;i16
v_cmpx_lt_i32_sdwa,i32,3,i32;i32;i32
v_cmpx_lt_u16_sdwa,u16,3,u16;u16;u16
v_cmpx_lt_u32_sdwa,u32,3,u32;u32;u32
v_cmpx_ne_i16_sdwa,i16,3,i16;i16;i16
v_cmpx_ne_i32_sdwa,i32,3,i32;i32;i32
v_cmpx_ne_u16_sdwa,u16,3,u16;u16;u16
v_cmpx_ne_u32_sdwa,u32,3,u32;u32;u32
v_cmpx_neq_f16_sdwa,f16,3,f16;f16;f16
v_cmpx_neq_f32_sdwa,f32,3,f32;f32;f32
v_cmpx_nge_f16_sdwa,f16,3,f16;f16;f16
v_cmpx_nge_f32_sdwa,f32,3,f32;f32;f32
v_cmpx_ngt_f16_sdwa,f16,3,f16;f16;f16
v_cmpx_ngt_f32_sdwa,f32,3,f32;f32;f32
v_cmpx_nle_f16_sdwa,f16,3,f16;f16;f16
v_cmpx_nle_f32_sdwa,f32,3,f32;f32;f32
v_cmpx_nlg_f16_sdwa,f16,3,f16;f16;f16
v_cmpx_nlg_f32_sdwa,f32,3,f32;f32;f32
v_cmpx_nlt_f16_sdwa,f16,3,f16;f16;f16
v_cmpx_nlt_f32_sdwa,f32,3,f32;f32;f32
v_cmpx_o_f16_sdwa,f16,3,f16;f16;f16
v_cmpx_o_f32_sdwa,f32,3,f32;f32;f32
v_cmpx_t_i16_sdwa,i16,3,i16;i16;i16
v_cmpx_t_i32_sdwa,i32,3,i32;i32;i32
v_cmpx_t_u16_sdwa,u16,3,u16;u16;u16
v_cmpx_t_u32_sdwa,u32,3,u32;u32;u32
v_cmpx_tru_f16_sdwa,f16,3,f16;f16;f16
v_cmpx_tru_f32_sdwa,f32,3,f32;f32;f32
v_cmpx_u_f16_sdwa,f16,3,f16;f16;f16
v_cmpx_u_f32_sdwa,f32,3,f32;f32;f32
